CustomerID,churn_prediction,churn_probability,actual_churn
12346,0,0.3034,1
12347,0,0.0059,0
12348,1,0.9605,0
12349,0,0.3056,0
12351,0,0.011,0
12352,0,0.0209,0
12353,0,0.0459,0
12355,1,0.8387,1
12356,0,0.0053,0
12357,0,0.013,0
12358,0,0.0022,0
12359,0,0.0021,0
12360,0,0.004,0
12361,1,0.7689,1
12368,1,0.9535,1
12369,0,0.0062,0
12370,1,0.9346,1
12371,0,0.0067,0
12373,1,0.9071,1
12374,0,0.4494,0
12376,0,0.0423,0
12377,0,0.0091,0
12378,1,0.8982,1
12379,1,0.6865,0
12380,1,0.7942,1
12385,0,0.025,0
12386,0,0.0078,0
12387,0,0.0616,0
12388,1,0.5706,0
12389,0,0.0056,0
12391,1,0.8107,1
12392,1,0.9689,1
12393,0,0.008,0
12395,0,0.0063,0
12396,1,0.9277,1
12399,0,0.0039,0
12400,0,0.0442,0
12402,0,0.0031,0
12406,0,0.0021,0
12408,0,0.0055,0
12409,1,0.5985,0
12410,1,0.9458,1
12411,0,0.0535,0
12412,0,0.0065,0
12413,0,0.0753,0
12414,1,0.9773,1
12415,0,0.006,0
12416,1,0.9459,1
12417,0,0.0018,0
12418,0,0.0041,0
12419,0,0.0157,0
12421,1,0.6298,0
12422,0,0.002,0
12423,0,0.0249,0
12424,0,0.4578,0
12425,1,0.7888,0
12426,1,0.9276,1
12427,0,0.0083,0
12429,0,0.0043,0
12431,0,0.0018,0
12433,0,0.0092,0
12434,0,0.0104,0
12435,0,0.0683,0
12437,0,0.0021,0
12439,1,0.9702,1
12440,1,0.5677,1
12441,0,0.01,0
12443,1,0.9713,1
12445,0,0.0575,0
12450,0,0.0909,0
12451,1,0.798,1
12455,0,0.2182,0
12457,0,0.0471,0
12458,1,0.5713,0
12459,1,0.8271,1
12460,1,0.9624,1
12467,0,0.0471,0
12468,1,0.7964,1
12469,1,0.9433,1
12470,1,0.9573,1
12471,0,0.0024,0
12472,0,0.0024,0
12474,0,0.0021,0
12475,1,0.7104,0
12476,0,0.0069,0
12477,0,0.0215,0
12480,0,0.0069,0
12481,0,0.0057,0
12482,1,0.781,1
12483,0,0.0029,0
12484,1,0.9069,1
12485,1,0.7933,1
12486,0,0.1758,0
12490,0,0.0019,0
12492,1,0.7681,0
12494,0,0.0046,0
12495,1,0.9582,1
12496,1,0.98,1
12499,1,0.9547,1
12500,0,0.008,0
12504,0,0.2357,0
12505,0,0.1716,0
12507,1,0.8193,1
12510,0,0.4339,1
12511,0,0.1151,0
12514,1,0.6305,1
12516,0,0.3441,0
12519,1,0.8449,1
12523,0,0.0021,0
12524,0,0.0889,0
12525,1,0.866,1
12527,1,0.9541,1
12529,1,0.9592,1
12530,0,0.0066,0
12531,1,0.9275,1
12533,1,0.9665,1
12537,0,0.086,0
12538,0,0.0089,0
12539,0,0.2543,0
12540,0,0.0019,0
12542,0,0.4329,1
12543,1,0.7126,0
12547,1,0.9685,1
12549,1,0.9685,1
12553,0,0.0313,0
12554,1,0.7269,0
12562,0,0.0332,0
12563,0,0.0413,0
12567,0,0.0019,0
12568,1,0.9705,1
12573,0,0.0069,0
12575,1,0.7847,1
12576,0,0.006,0
12577,0,0.0018,0
12578,0,0.0054,0
12580,1,0.8135,1
12582,0,0.4358,0
12583,0,0.0022,0
12586,0,0.0019,0
12588,0,0.013,0
12589,0,0.0046,0
12591,0,0.0276,0
12592,1,0.5339,1
12594,0,0.0043,0
12595,1,0.9594,1
12598,1,0.772,1
12599,0,0.0065,0
12600,0,0.0036,0
12601,0,0.0579,0
12605,0,0.007,0
12608,0,0.0413,0
12609,0,0.0018,0
12613,0,0.0021,0
12615,0,0.0061,0
12616,0,0.0161,0
12619,1,0.9665,1
12621,0,0.0021,0
12623,0,0.0019,0
12625,1,0.8413,1
12629,0,0.0236,0
12631,1,0.7369,1
12632,1,0.6912,1
12633,0,0.0193,0
12634,1,0.6973,1
12635,0,0.0056,0
12637,0,0.0073,0
12638,1,0.9498,1
12639,0,0.4321,0
12644,0,0.004,0
12645,0,0.0044,0
12647,0,0.002,0
12648,0,0.3603,0
12649,0,0.0018,0
12651,0,0.1425,0
12652,0,0.0782,0
12653,1,0.7501,1
12655,0,0.0407,0
12656,0,0.0083,0
12661,1,0.9341,0
12662,0,0.0062,0
12663,1,0.9759,1
12665,0,0.3579,0
12666,0,0.0167,0
12668,0,0.0048,0
12670,0,0.0057,0
12671,1,0.9579,1
12672,1,0.915,1
12673,1,0.6588,0
12675,1,0.9483,1
12676,0,0.0059,0
12677,1,0.9586,1
12678,0,0.0023,0
12681,0,0.0025,0
12682,0,0.0021,0
12683,0,0.0021,0
12686,0,0.0138,0
12687,1,0.8516,1
12691,0,0.0535,0
12692,1,0.9617,1
12693,1,0.7034,0
12694,1,0.5564,0
12695,1,0.8904,1
12696,0,0.428,0
12698,1,0.9387,1
12699,1,0.7316,0
12701,1,0.9311,1
12703,1,0.9766,1
12705,0,0.0154,0
12708,0,0.0018,0
12709,0,0.0021,0
12711,1,0.9645,1
12712,0,0.0021,0
12714,0,0.0033,0
12717,1,0.9677,1
12720,0,0.0124,0
12721,0,0.0066,0
12724,0,0.0055,0
12725,0,0.0057,0
12726,0,0.0052,0
12727,0,0.1663,0
12728,0,0.0102,0
12730,1,0.9307,1
12731,0,0.4346,0
12733,0,0.0025,0
12734,0,0.0173,0
12738,0,0.0113,0
12739,0,0.0249,0
12741,1,0.9664,1
12742,1,0.9115,1
12744,1,0.9294,1
12745,1,0.7303,1
12746,1,0.9668,1
12747,0,0.0031,0
12748,0,0.0023,0
12749,0,0.0093,0
12751,1,0.9427,0
12755,0,0.0247,0
12758,1,0.6097,1
12759,0,0.0022,0
12760,1,0.835,1
12761,1,0.7485,1
12763,0,0.0072,0
12765,1,0.9244,1
12766,0,0.0095,0
12767,0,0.0157,0
12768,1,0.9037,0
12771,1,0.9417,1
12773,1,0.954,1
12774,1,0.9521,1
12775,0,0.0225,0
12776,1,0.9771,1
12777,1,0.8283,1
12778,0,0.0037,0
12779,0,0.0022,0
12780,1,0.9636,1
12782,0,0.0079,0
12784,1,0.9068,1
12785,1,0.5916,1
12786,1,0.957,1
12787,1,0.7161,0
12788,1,0.9263,1
12790,0,0.0413,0
12791,1,0.6445,1
12792,1,0.8331,1
12793,0,0.0071,0
12797,0,0.0086,0
12798,0,0.077,0
12799,1,0.9621,1
12800,1,0.6019,1
12801,1,0.8618,1
12802,1,0.7466,0
12803,0,0.0157,0
12804,1,0.5046,1
12805,0,0.0017,0
12806,1,0.9486,1
12807,0,0.0101,0
12808,0,0.0083,0
12809,1,0.9786,1
12810,1,0.646,1
12811,0,0.0325,0
12813,1,0.6979,1
12817,0,0.0322,0
12819,1,0.9539,1
12820,0,0.0019,0
12821,1,0.9627,1
12825,1,0.7332,1
12826,0,0.0064,0
12829,1,0.9698,1
12831,1,0.7866,1
12835,0,0.0026,0
12836,0,0.0023,0
12837,1,0.8566,1
12838,0,0.0087,0
12839,0,0.0018,0
12840,0,0.2744,0
12841,0,0.0098,0
12842,0,0.0269,0
12843,0,0.0035,0
12844,1,0.6352,0
12847,0,0.0187,0
12848,1,0.942,1
12849,0,0.0045,0
12851,1,0.9792,1
12853,0,0.0046,0
12854,1,0.928,1
12855,0,0.008,0
12857,0,0.1439,0
12858,0,0.0102,0
12859,1,0.95,1
12860,1,0.9549,1
12861,1,0.9555,1
12862,1,0.5103,0
12863,0,0.0058,0
12864,1,0.9635,1
12865,0,0.018,0
12866,1,0.6266,1
12867,0,0.0028,0
12868,0,0.0069,0
12869,1,0.9667,1
12870,0,0.0048,0
12872,0,0.002,0
12873,0,0.0065,0
12874,0,0.0216,0
12876,0,0.0045,0
12877,0,0.0023,0
12880,0,0.0163,0
12887,0,0.0087,0
12889,0,0.1429,0
12890,0,0.009,0
12892,0,0.0104,0
12894,1,0.9713,1
12897,0,0.0155,0
12898,1,0.9686,1
12899,0,0.0483,0
12900,0,0.0423,0
12903,0,0.166,0
12905,1,0.9673,1
12907,0,0.0309,0
12909,0,0.0346,0
12910,0,0.0056,0
12911,1,0.9289,1
12913,0,0.0021,0
12914,0,0.015,0
12915,0,0.0046,0
12916,1,0.5486,0
12917,0,0.0023,0
12920,1,0.9652,1
12921,0,0.0021,0
12923,0,0.0143,0
12924,0,0.0026,0
12925,1,0.9415,1
12926,0,0.0029,0
12927,0,0.0102,0
12928,0,0.0082,0
12931,1,0.9623,1
12932,1,0.949,1
12933,0,0.0017,0
12935,0,0.0049,0
12937,1,0.6307,1
12941,1,0.9344,1
12942,0,0.0095,0
12943,1,0.9796,1
12945,1,0.8299,1
12946,1,0.9245,0
12947,0,0.0096,0
12948,1,0.9713,1
12949,0,0.0021,0
12951,0,0.0018,0
12953,1,0.8227,1
12954,1,0.9484,1
12956,1,0.918,1
12957,1,0.9148,1
12958,0,0.0175,0
12959,1,0.9618,1
12960,0,0.0042,0
12961,0,0.0094,0
12963,0,0.0103,0
12964,1,0.9349,0
12967,0,0.0073,0
12969,1,0.9718,1
12970,0,0.002,0
12971,0,0.0028,0
12972,0,0.0044,0
12973,0,0.0634,0
12974,1,0.969,1
12975,0,0.0716,0
12976,0,0.0021,0
12977,1,0.7407,1
12978,0,0.0017,0
12979,1,0.8656,1
12982,0,0.0051,0
12983,1,0.7828,1
12986,0,0.007,0
12987,0,0.0262,0
12989,1,0.9609,1
12990,0,0.2718,0
12991,0,0.0105,0
12992,1,0.9737,1
12993,0,0.1891,0
12996,0,0.0102,0
12997,0,0.0043,0
12998,1,0.795,1
13000,1,0.8503,1
13001,0,0.0021,0
13002,0,0.4506,0
13004,0,0.0021,0
13005,0,0.3116,0
13007,1,0.938,1
13008,0,0.0054,0
13010,0,0.0071,0
13011,0,0.0282,0
13012,0,0.006,0
13013,0,0.0018,0
13014,0,0.1457,0
13015,1,0.7201,0
13018,0,0.0059,0
13019,0,0.0023,0
13020,1,0.9741,1
13021,0,0.0022,0
13022,0,0.068,0
13023,1,0.7614,1
13024,1,0.8107,1
13025,1,0.9414,1
13026,1,0.8802,1
13029,0,0.0313,0
13030,0,0.0087,0
13031,0,0.0093,0
13032,0,0.0088,0
13033,0,0.093,0
13034,0,0.0048,0
13035,0,0.0529,0
13036,1,0.9739,1
13037,0,0.0018,0
13039,1,0.9735,1
13041,1,0.8819,0
13042,1,0.9755,1
13044,1,0.8782,1
13045,1,0.6381,0
13046,1,0.9669,1
13047,0,0.0022,0
13048,0,0.3508,0
13049,0,0.0622,0
13050,0,0.0021,0
13051,1,0.9726,1
13052,0,0.0077,0
13053,1,0.9646,1
13055,0,0.2059,0
13056,1,0.9641,1
13057,1,0.8421,1
13059,0,0.0077,0
13063,1,0.9561,1
13064,1,0.9116,1
13065,0,0.0071,0
13067,1,0.5623,0
13069,0,0.0091,0
13070,1,0.5066,1
13071,1,0.9645,1
13073,0,0.4473,0
13074,1,0.7959,1
13076,1,0.9542,1
13077,0,0.0023,0
13078,0,0.0026,0
13079,0,0.0432,0
13080,1,0.5578,0
13081,0,0.0033,0
13082,0,0.0023,0
13083,0,0.0966,0
13085,1,0.9721,1
13086,0,0.0265,0
13087,1,0.9563,1
13088,0,0.0626,0
13089,0,0.0024,0
13090,0,0.0061,0
13091,1,0.936,1
13092,0,0.0084,0
13093,0,0.0024,0
13094,0,0.0137,0
13097,0,0.0022,0
13101,1,0.7071,1
13102,0,0.0068,0
13103,1,0.5065,0
13104,1,0.8114,1
13106,0,0.0456,0
13107,0,0.0055,0
13108,0,0.0071,0
13109,1,0.715,1
13110,0,0.1567,0
13111,1,0.9453,1
13112,1,0.934,1
13113,0,0.0102,0
13114,1,0.9404,1
13115,0,0.0062,0
13117,0,0.0065,0
13118,0,0.007,0
13119,1,0.9643,1
13123,1,0.7277,1
13124,0,0.0163,0
13125,1,0.9578,1
13126,0,0.0019,0
13129,1,0.5313,0
13131,0,0.005,0
13133,1,0.9744,1
13134,0,0.3791,0
13135,1,0.9651,1
13136,0,0.002,0
13137,0,0.0074,0
13138,0,0.0083,0
13139,1,0.682,0
13140,0,0.007,0
13141,0,0.0024,0
13143,1,0.7961,1
13144,0,0.1194,0
13148,0,0.0023,0
13150,1,0.7506,1
13151,1,0.953,1
13152,0,0.0041,0
13154,0,0.0018,0
13155,0,0.0075,0
13156,0,0.002,0
13157,0,0.0079,0
13158,0,0.0114,0
13161,1,0.9633,1
13162,0,0.0026,0
13163,1,0.953,1
13164,1,0.9866,1
13165,0,0.0795,0
13166,0,0.0291,0
13167,0,0.01,0
13168,1,0.8911,1
13169,1,0.9714,1
13173,0,0.002,0
13174,0,0.0041,0
13175,1,0.9484,1
13177,0,0.0614,0
13178,0,0.0032,0
13179,1,0.8042,1
13180,1,0.9509,1
13181,0,0.0133,0
13183,1,0.7154,0
13187,1,0.8446,1
13190,1,0.6678,1
13191,1,0.9566,1
13192,1,0.8792,1
13195,0,0.0337,0
13196,1,0.5872,0
13197,1,0.9441,1
13198,0,0.0109,0
13199,0,0.0033,0
13201,1,0.9698,1
13202,0,0.002,0
13203,0,0.0019,0
13204,1,0.9219,1
13206,0,0.002,0
13207,1,0.9766,1
13208,0,0.037,0
13209,1,0.7498,1
13211,0,0.0019,0
13213,0,0.0083,0
13214,0,0.0075,0
13219,1,0.9723,1
13220,1,0.8191,1
13223,1,0.9736,1
13225,1,0.8002,1
13226,0,0.0097,0
13230,0,0.0058,0
13233,0,0.0933,0
13234,1,0.9761,1
13237,0,0.0288,0
13238,0,0.4855,0
13239,1,0.9048,0
13240,0,0.0018,0
13241,0,0.0746,0
13242,1,0.6316,0
13243,1,0.5908,0
13245,1,0.6327,0
13246,0,0.0089,0
13249,1,0.9647,1
13250,1,0.9552,1
13251,0,0.0467,0
13252,0,0.0142,0
13253,1,0.9472,1
13254,0,0.0161,0
13255,0,0.0158,0
13257,1,0.9503,0
13258,0,0.0172,0
13259,0,0.0024,0
13262,0,0.0139,0
13263,0,0.0073,0
13264,1,0.7988,0
13266,0,0.0017,0
13267,0,0.0022,0
13269,0,0.002,0
13274,0,0.0504,0
13275,0,0.0212,0
13276,0,0.0067,0
13277,1,0.7174,0
13278,0,0.0036,0
13280,0,0.0059,0
13281,1,0.8359,0
13282,0,0.0469,0
13283,1,0.9772,1
13285,1,0.8894,1
13286,1,0.9063,1
13287,1,0.982,1
13289,1,0.956,1
13291,0,0.0076,0
13292,0,0.0894,0
13293,0,0.0033,0
13294,1,0.8576,1
13295,0,0.0038,0
13296,0,0.0087,0
13297,1,0.6483,0
13299,1,0.7049,0
13300,0,0.0193,0
13303,0,0.0189,0
13304,1,0.6499,1
13305,0,0.0067,0
13306,0,0.0784,0
13307,1,0.9535,1
13308,1,0.9649,1
13309,0,0.0116,0
13310,0,0.0154,0
13312,1,0.8958,0
13313,1,0.6701,1
13315,1,0.9331,1
13316,1,0.6256,0
13317,0,0.0019,0
13319,0,0.0022,0
13320,1,0.5408,0
13324,1,0.7493,0
13326,0,0.0373,0
13327,0,0.0022,0
13329,0,0.0018,0
13330,1,0.6658,1
13331,0,0.0435,0
13333,0,0.0044,0
13334,1,0.8225,1
13337,1,0.9379,1
13338,1,0.8618,1
13340,1,0.9659,1
13357,1,0.8136,1
13359,1,0.7666,0
13360,0,0.0038,0
13361,1,0.7828,1
13362,0,0.013,0
13363,0,0.0643,0
13367,0,0.0463,0
13368,0,0.4197,0
13369,0,0.0095,0
13370,0,0.0229,0
13371,1,0.6596,1
13373,0,0.0034,0
13374,1,0.5477,0
13375,1,0.7579,0
13377,0,0.0051,0
13380,0,0.0639,0
13381,0,0.0016,0
13382,0,0.0017,0
13384,0,0.0075,0
13386,0,0.4191,0
13387,0,0.0389,0
13388,1,0.8779,1
13392,1,0.9571,1
13393,1,0.9729,1
13394,0,0.0021,0
13395,0,0.018,0
13397,0,0.2351,0
13398,1,0.9142,0
13399,1,0.7845,1
13400,1,0.9149,1
13402,0,0.0036,0
13403,0,0.005,0
13405,1,0.7626,1
13406,0,0.0769,0
13407,1,0.9422,1
13408,0,0.0023,0
13410,0,0.0303,0
13412,1,0.8856,1
13413,1,0.8788,1
13414,1,0.8548,1
13415,1,0.8938,1
13416,1,0.9616,1
13417,1,0.9774,1
13418,0,0.0019,0
13421,0,0.0083,0
13423,0,0.0384,0
13424,0,0.3894,0
13425,1,0.8559,1
13426,0,0.0024,0
13427,1,0.7824,1
13428,1,0.526,1
13431,0,0.0052,0
13432,1,0.8482,1
13433,1,0.8064,1
13434,0,0.125,0
13435,0,0.0211,0
13439,0,0.0199,0
13440,0,0.009,0
13441,1,0.7094,0
13442,1,0.8158,1
13443,1,0.8973,0
13444,0,0.0075,0
13445,1,0.9703,1
13446,0,0.0065,0
13448,0,0.0021,0
13450,0,0.0072,0
13451,0,0.0129,0
13453,1,0.6911,0
13454,1,0.9605,1
13455,0,0.0019,0
13457,1,0.9771,1
13458,0,0.0177,0
13459,1,0.9657,1
13461,0,0.3568,0
13462,0,0.0016,0
13464,0,0.0057,0
13465,0,0.4346,0
13466,0,0.0057,0
13468,0,0.0022,0
13469,1,0.9728,1
13472,1,0.7687,1
13473,1,0.9014,1
13474,1,0.5703,0
13476,0,0.0471,0
13477,1,0.8596,1
13478,1,0.9063,1
13479,0,0.3837,0
13480,0,0.3158,0
13481,0,0.002,0
13482,1,0.9205,1
13484,0,0.0175,0
13485,0,0.0024,0
13487,1,0.719,1
13488,0,0.0019,0
13490,1,0.964,1
13491,0,0.0024,0
13495,0,0.0017,0
13497,0,0.0018,0
13498,1,0.9533,1
13500,0,0.0544,0
13501,1,0.7209,1
13502,0,0.4813,0
13503,1,0.8754,1
13506,0,0.0057,0
13508,1,0.9368,1
13509,1,0.9549,1
13510,0,0.0017,0
13511,1,0.9755,1
13512,0,0.0405,0
13513,1,0.5188,0
13514,0,0.1687,0
13515,1,0.6766,0
13516,0,0.0432,0
13519,1,0.9222,0
13520,0,0.0016,0
13523,0,0.0066,0
13526,1,0.8705,1
13527,0,0.0054,0
13530,1,0.8132,1
13531,0,0.0023,0
13534,0,0.0104,0
13537,1,0.5219,0
13538,0,0.0026,0
13539,0,0.0072,0
13540,1,0.884,1
13541,0,0.0677,0
13542,0,0.0027,0
13543,1,0.9321,1
13544,0,0.0055,0
13545,0,0.0211,0
13546,0,0.029,0
13547,0,0.0446,0
13548,1,0.95,1
13549,0,0.0157,0
13550,0,0.0217,0
13552,0,0.0086,0
13553,1,0.8124,1
13554,0,0.0111,0
13555,0,0.0019,0
13556,0,0.3486,0
13557,0,0.002,0
13561,0,0.0063,0
13562,0,0.0026,0
13564,0,0.0022,0
13565,0,0.0587,0
13566,0,0.036,0
13567,0,0.007,0
13569,0,0.0087,0
13571,0,0.002,0
13573,0,0.0516,0
13574,1,0.7362,0
13576,0,0.0023,0
13577,0,0.0022,0
13578,0,0.105,0
13579,0,0.0016,0
13580,0,0.0546,0
13581,0,0.0507,0
13582,0,0.0145,0
13583,1,0.8459,1
13584,1,0.6061,1
13585,1,0.6265,1
13586,1,0.9742,1
13587,1,0.5083,0
13589,1,0.6766,1
13590,0,0.0019,0
13591,0,0.0628,0
13593,0,0.0072,0
13594,1,0.9599,1
13595,1,0.837,1
13597,0,0.0213,0
13598,1,0.8941,1
13599,0,0.0021,0
13600,1,0.9749,1
13601,0,0.0185,0
13602,0,0.0054,0
13604,1,0.9454,1
13605,0,0.0176,0
13607,0,0.0476,0
13608,1,0.9525,1
13609,1,0.9757,1
13610,0,0.0023,0
13611,0,0.0021,0
13612,1,0.8475,1
13613,0,0.3594,0
13614,0,0.017,0
13615,0,0.0029,0
13616,1,0.9708,1
13617,0,0.0094,0
13619,1,0.9798,1
13620,1,0.9709,1
13622,1,0.7089,1
13623,0,0.0023,0
13624,0,0.0138,0
13625,1,0.9538,1
13626,0,0.0112,0
13627,1,0.6101,1
13628,1,0.9702,1
13632,0,0.0057,0
13634,0,0.0022,0
13635,0,0.0179,0
13639,1,0.6183,0
13641,1,0.9203,1
13642,1,0.5403,0
13643,0,0.0021,0
13646,0,0.0248,0
13647,1,0.8386,1
13648,0,0.002,0
13649,0,0.01,0
13650,0,0.0019,0
13651,0,0.0165,0
13652,0,0.0021,0
13653,1,0.9416,1
13654,0,0.0019,0
13655,0,0.0042,0
13656,1,0.6925,1
13658,0,0.0022,0
13659,0,0.0051,0
13660,0,0.0095,0
13661,1,0.9595,1
13662,0,0.005,0
13663,0,0.0045,0
13665,0,0.0069,0
13666,0,0.0721,0
13668,0,0.002,0
13669,0,0.0771,0
13671,0,0.0109,0
13672,1,0.9605,1
13674,0,0.0437,0
13676,1,0.7578,1
13677,1,0.5102,0
13679,1,0.8245,1
13680,1,0.8435,1
13683,1,0.9224,1
13684,0,0.0431,0
13686,0,0.0194,0
13689,1,0.9606,0
13691,0,0.008,0
13692,0,0.0238,0
13693,0,0.002,0
13694,0,0.003,0
13695,1,0.9245,1
13696,1,0.956,1
13698,1,0.8925,1
13699,1,0.745,1
13700,0,0.3837,0
13701,1,0.9188,0
13702,1,0.8842,0
13703,0,0.0567,0
13705,0,0.0051,0
13706,1,0.9413,1
13707,0,0.0078,0
13709,0,0.3643,0
13710,1,0.9754,1
13711,0,0.0022,0
13712,1,0.9662,1
13713,0,0.0073,0
13714,1,0.9725,1
13715,0,0.006,0
13717,1,0.5971,1
13719,0,0.0061,0
13721,0,0.0095,0
13722,0,0.0059,0
13723,0,0.0064,0
13724,1,0.955,1
13727,1,0.935,1
13728,0,0.0021,0
13729,0,0.0452,0
13733,0,0.0328,0
13734,1,0.5178,1
13735,0,0.003,0
13736,0,0.0026,0
13738,0,0.0323,0
13739,1,0.9718,1
13740,0,0.0017,0
13745,1,0.9512,1
13746,0,0.039,0
13747,0,0.076,0
13748,0,0.0022,0
13750,0,0.0049,0
13752,1,0.967,1
13753,1,0.9673,1
13754,1,0.9532,0
13756,0,0.0024,0
13757,1,0.9716,1
13758,0,0.0024,0
13760,0,0.055,0
13761,1,0.9773,1
13762,1,0.9753,1
13763,0,0.0813,0
13764,1,0.9671,1
13765,1,0.9712,1
13766,1,0.9672,1
13767,0,0.0025,0
13768,1,0.8806,1
13769,0,0.0021,0
13770,0,0.0243,0
13771,1,0.9351,1
13772,0,0.0086,0
13773,0,0.0103,0
13775,1,0.9058,1
13777,0,0.0037,0
13778,1,0.9026,1
13779,1,0.9678,1
13780,0,0.065,0
13781,1,0.967,1
13782,0,0.0222,0
13784,1,0.6621,0
13785,0,0.0839,0
13786,0,0.0017,0
13787,1,0.7381,1
13788,1,0.9667,1
13789,0,0.0125,0
13792,0,0.0432,0
13793,1,0.9384,1
13794,1,0.9519,1
13795,1,0.6029,0
13796,1,0.9609,1
13797,1,0.6405,0
13798,0,0.0206,0
13799,1,0.5228,0
13800,0,0.0276,0
13802,0,0.0021,0
13803,0,0.3442,0
13804,1,0.5485,0
13807,0,0.0097,0
13809,0,0.0262,0
13813,1,0.8498,1
13814,1,0.9444,1
13815,0,0.0053,0
13818,0,0.085,0
13819,1,0.9672,1
13820,0,0.0374,0
13821,0,0.0021,0
13823,0,0.0019,0
13824,0,0.0064,0
13825,1,0.9797,1
13830,1,0.9622,1
13831,1,0.7604,1
13832,0,0.0327,0
13833,0,0.0407,0
13834,1,0.9755,1
13835,1,0.803,1
13836,0,0.0258,0
13838,0,0.0082,0
13839,1,0.9601,1
13840,1,0.81,0
13842,0,0.0021,0
13843,0,0.0111,0
13846,0,0.0158,0
13847,1,0.9644,1
13849,0,0.006,0
13851,0,0.0069,0
13852,1,0.9434,1
13854,0,0.0027,0
13855,1,0.8244,1
13856,1,0.6867,1
13857,0,0.0068,0
13859,1,0.9718,1
13861,1,0.6205,0
13862,0,0.0213,0
13863,1,0.8864,1
13869,0,0.003,0
13870,0,0.0018,0
13871,0,0.0018,0
13872,1,0.7711,1
13873,0,0.0054,0
13874,1,0.9035,1
13875,0,0.0018,0
13877,1,0.7675,1
13878,1,0.9797,1
13879,1,0.8008,1
13880,0,0.0053,0
13881,1,0.8774,1
13883,0,0.0056,0
13884,0,0.009,0
13888,0,0.0095,0
13889,0,0.0021,0
13890,0,0.0017,0
13891,0,0.0042,0
13892,1,0.9645,1
13895,1,0.5802,1
13896,1,0.9557,1
13897,0,0.3461,0
13898,1,0.5769,0
13900,0,0.0043,0
13901,0,0.0017,0
13902,1,0.9626,1
13903,0,0.011,0
13905,1,0.9608,1
13907,1,0.9602,1
13909,1,0.7762,0
13911,0,0.0079,0
13912,0,0.0476,0
13913,1,0.9633,1
13915,0,0.0132,0
13916,1,0.7889,1
13919,1,0.5357,0
13920,0,0.0059,0
13921,0,0.0024,0
13922,0,0.4207,0
13927,1,0.9497,0
13929,0,0.0083,0
13931,0,0.0021,0
13935,1,0.8742,1
13936,0,0.0271,0
13937,0,0.0796,0
13939,0,0.0054,0
13941,0,0.0125,0
13943,1,0.9575,1
13944,1,0.9622,1
13945,0,0.0302,0
13946,0,0.0342,0
13948,0,0.028,0
13952,0,0.0022,0
13955,0,0.0172,0
13957,0,0.061,0
13958,0,0.0018,0
13959,0,0.0712,0
13961,0,0.0097,0
13962,0,0.04,0
13963,0,0.0077,0
13964,0,0.0201,0
13965,1,0.7812,1
13966,0,0.0416,0
13967,0,0.0173,0
13968,0,0.0524,0
13969,0,0.0083,0
13970,1,0.9019,0
13971,0,0.0045,0
13974,1,0.9677,1
13975,0,0.0021,0
13976,1,0.8684,1
13977,0,0.0631,0
13979,0,0.0023,0
13980,1,0.5885,0
13981,0,0.047,0
13982,0,0.0018,0
13983,0,0.0023,0
13984,0,0.0021,0
13985,0,0.0019,0
13987,0,0.0052,0
13988,0,0.0166,0
13989,1,0.8431,1
13992,0,0.0117,0
13993,0,0.002,0
13995,0,0.0018,0
13996,0,0.0235,0
13997,1,0.6676,1
13998,1,0.778,0
13999,0,0.0022,0
14000,0,0.424,0
14001,0,0.0098,0
14003,1,0.9567,1
14004,0,0.0061,0
14006,1,0.9148,1
14007,1,0.9773,1
14008,1,0.7617,0
14009,1,0.9639,1
14010,1,0.9817,1
14011,1,0.5664,1
14013,0,0.02,0
14014,0,0.0154,0
14016,0,0.0019,0
14017,1,0.9392,1
14018,1,0.9449,1
14020,1,0.7614,1
14021,0,0.0045,0
14022,1,0.8404,1
14024,0,0.0086,0
14025,1,0.8982,1
14026,1,0.6212,1
14030,0,0.0026,0
14031,0,0.0027,0
14032,0,0.0017,0
14035,0,0.0038,0
14037,1,0.7138,1
14038,0,0.0036,0
14039,1,0.9719,1
14040,0,0.0024,0
14042,1,0.9626,1
14043,1,0.7393,1
14044,0,0.0081,0
14047,0,0.0023,0
14048,0,0.0115,0
14049,0,0.0092,0
14051,0,0.0023,0
14052,0,0.0127,0
14053,0,0.0073,0
14055,1,0.8938,1
14057,0,0.002,0
14058,1,0.5741,1
14060,0,0.0084,0
14061,1,0.9565,1
14062,0,0.0025,0
14063,1,0.9516,1
14064,0,0.0075,0
14065,0,0.0057,0
14068,1,0.9867,1
14069,1,0.7574,1
14070,1,0.9684,1
14072,1,0.9454,1
14074,1,0.9709,1
14075,0,0.4957,0
14077,0,0.0139,0
14078,0,0.0087,0
14080,0,0.0018,0
14081,0,0.0028,0
14082,0,0.0096,0
14083,0,0.0037,0
14084,1,0.9619,1
14085,0,0.0021,0
14087,0,0.0273,0
14088,0,0.1079,0
14092,0,0.002,0
14094,1,0.9476,0
14095,1,0.9712,1
14097,0,0.4067,1
14099,0,0.0022,0
14101,1,0.764,1
14104,0,0.0284,0
14105,0,0.0032,0
14107,0,0.0367,0
14108,1,0.8451,1
14110,0,0.0022,0
14112,1,0.6288,0
14113,0,0.0023,0
14114,0,0.0054,0
14115,1,0.6814,1
14118,0,0.0424,0
14119,0,0.0043,0
14122,0,0.0459,0
14123,1,0.7549,1
14126,1,0.7654,0
14127,0,0.008,0
14128,1,0.9596,1
14129,0,0.005,0
14130,0,0.002,0
14131,1,0.945,1
14133,1,0.9671,1
14134,0,0.0021,0
14135,0,0.0025,0
14136,0,0.0018,0
14137,1,0.9634,1
14139,1,0.8725,1
14142,0,0.0047,0
14144,1,0.9565,1
14146,0,0.0027,0
14147,0,0.0912,0
14148,0,0.0398,0
14151,1,0.9667,1
14152,0,0.0049,0
14153,1,0.9676,1
14154,0,0.0033,0
14156,0,0.0023,0
14157,0,0.0074,0
14159,0,0.0027,0
14160,1,0.9754,1
14161,0,0.0021,0
14163,1,0.9471,1
14166,1,0.7905,1
14167,1,0.8513,1
14168,1,0.5042,0
14169,1,0.5324,0
14170,0,0.0058,0
14171,1,0.9663,1
14172,1,0.8688,1
14173,1,0.9691,1
14175,0,0.0081,0
14176,0,0.0053,0
14177,0,0.005,0
14180,0,0.0146,0
14181,0,0.3812,0
14182,1,0.8148,0
14183,1,0.5833,0
14186,0,0.0051,0
14187,1,0.955,1
14189,0,0.0069,0
14191,0,0.0107,0
14192,0,0.0091,0
14193,0,0.0185,0
14194,0,0.002,0
14197,0,0.0833,0
14198,0,0.0023,0
14199,0,0.4291,0
14200,1,0.8701,1
14201,0,0.4364,0
14202,0,0.4399,0
14203,0,0.0119,0
14204,0,0.0061,0
14205,0,0.0064,0
14206,0,0.014,0
14208,1,0.7853,1
14209,0,0.002,0
14210,0,0.0021,0
14211,0,0.0019,0
14215,0,0.0016,0
14216,0,0.0491,0
14217,0,0.0094,0
14219,1,0.6781,0
14220,1,0.9688,1
14221,1,0.6996,0
14224,0,0.0086,0
14225,0,0.0052,0
14226,1,0.7004,0
14227,0,0.0064,0
14228,1,0.8492,0
14229,0,0.0077,0
14230,0,0.0874,0
14231,1,0.8641,0
14233,1,0.7201,1
14235,1,0.9761,1
14236,0,0.0074,0
14237,0,0.0113,0
14238,1,0.9799,1
14239,0,0.0021,0
14240,1,0.7283,0
14243,0,0.0084,0
14244,1,0.972,1
14247,0,0.007,0
14248,1,0.7259,1
14249,0,0.0052,0
14252,0,0.0119,0
14253,1,0.7373,1
14254,0,0.0442,0
14256,1,0.5961,1
14257,0,0.0047,0
14258,0,0.2173,1
14260,1,0.8293,1
14263,1,0.8196,0
14264,0,0.0035,0
14265,1,0.8098,1
14268,1,0.8663,1
14269,1,0.9051,0
14271,0,0.0647,0
14272,1,0.896,1
14274,1,0.9576,1
14275,0,0.2382,0
14276,0,0.004,0
14277,0,0.0022,0
14278,0,0.0444,0
14281,0,0.0721,0
14282,0,0.0106,0
14283,1,0.9155,1
14284,1,0.7665,1
14285,1,0.5615,1
14286,0,0.0042,0
14290,0,0.0018,0
14291,0,0.0018,0
14292,0,0.0063,0
14293,0,0.0017,0
14294,1,0.8467,0
14295,0,0.0189,0
14296,0,0.0425,0
14298,0,0.0023,0
14299,0,0.0025,0
14301,0,0.0712,0
14302,0,0.0441,0
14303,0,0.2978,0
14304,0,0.0049,0
14306,1,0.9624,1
14307,0,0.0019,0
14309,0,0.0269,0
14310,1,0.6709,0
14311,1,0.9083,1
14312,0,0.008,0
14314,0,0.0761,0
14315,1,0.9134,1
14316,0,0.3911,0
14318,1,0.9656,1
14319,1,0.6375,0
14320,1,0.9645,1
14321,0,0.0465,0
14322,0,0.2452,0
14324,0,0.0053,0
14325,1,0.9671,1
14326,1,0.8495,1
14327,0,0.002,0
14329,0,0.0017,0
14330,1,0.9568,1
14332,0,0.0857,0
14334,0,0.0075,0
14338,1,0.9617,1
14339,0,0.0474,0
14341,0,0.0018,0
14342,1,0.9507,1
14343,0,0.0065,0
14344,0,0.0101,0
14346,0,0.0052,0
14347,1,0.9568,1
14350,0,0.0902,0
14353,0,0.4543,0
14355,0,0.0047,0
14358,0,0.054,0
14361,1,0.9513,1
14363,0,0.4107,0
14365,0,0.0047,0
14369,1,0.8813,1
14370,1,0.8353,1
14372,1,0.7055,0
14374,1,0.9663,1
14375,1,0.6807,0
14376,1,0.9734,1
14378,1,0.9452,1
14379,0,0.0639,0
14381,1,0.8297,0
14382,0,0.0275,0
14384,1,0.9628,1
14388,0,0.0021,0
14389,0,0.0592,0
14390,0,0.0065,0
14391,1,0.9702,1
14392,0,0.0435,0
14394,1,0.9648,1
14395,0,0.0072,0
14396,0,0.0022,0
14398,0,0.0852,0
14399,0,0.0018,0
14400,0,0.0278,0
14401,0,0.0025,0
14402,1,0.9649,1
14404,0,0.0022,0
14408,1,0.9492,1
14409,0,0.0064,0
14410,0,0.0151,0
14412,0,0.3841,0
14413,0,0.0239,0
14414,0,0.0099,0
14415,0,0.0025,0
14417,0,0.0185,0
14419,0,0.0128,0
14420,0,0.0016,0
14421,1,0.7771,1
14422,0,0.0019,0
14423,1,0.918,0
14425,0,0.006,0
14426,0,0.012,0
14427,1,0.7886,1
14429,1,0.6735,0
14430,1,0.8815,1
14431,0,0.0014,0
14433,1,0.955,1
14436,1,0.9649,1
14437,0,0.0073,0
14439,0,0.4305,0
14440,0,0.002,0
14441,0,0.002,0
14442,0,0.0025,0
14443,0,0.0053,0
14444,1,0.937,1
14445,1,0.9633,1
14446,0,0.0097,0
14447,0,0.0138,0
14449,0,0.0075,0
14450,0,0.0078,0
14451,0,0.002,0
14452,0,0.0555,0
14454,0,0.0021,0
14455,0,0.0586,0
14458,0,0.0068,0
14459,1,0.7887,1
14460,0,0.0058,0
14461,0,0.0024,0
14462,0,0.0508,0
14464,1,0.974,1
14465,0,0.005,0
14466,0,0.0019,0
14467,0,0.0018,0
14468,1,0.9601,1
14469,0,0.009,0
14470,0,0.0515,0
14471,1,0.8781,1
14472,1,0.958,1
14474,1,0.945,1
14475,0,0.04,0
14478,0,0.0016,0
14479,0,0.0019,0
14480,0,0.0016,0
14481,0,0.0048,0
14482,0,0.0092,0
14483,1,0.9609,1
14484,0,0.002,0
14486,1,0.7832,1
14487,1,0.6266,0
14489,1,0.7599,0
14490,0,0.0073,0
14491,0,0.0232,0
14492,0,0.0066,0
14493,0,0.0068,0
14494,0,0.0408,0
14496,0,0.0063,0
14497,1,0.9456,1
14498,0,0.0091,0
14499,0,0.009,0
14505,0,0.0033,0
14506,0,0.0073,0
14507,0,0.0019,0
14508,0,0.0071,0
14509,1,0.9785,1
14510,0,0.0068,0
14512,0,0.0022,0
14513,1,0.9651,1
14514,0,0.0505,0
14515,0,0.0072,0
14516,1,0.9688,1
14519,1,0.7598,1
14521,1,0.9545,1
14522,1,0.7388,1
14524,0,0.0057,0
14525,0,0.0022,0
14526,0,0.0119,0
14527,0,0.0027,0
14530,0,0.0021,0
14531,1,0.7681,1
14532,0,0.0021,0
14533,0,0.338,0
14534,0,0.0076,0
14535,0,0.0098,0
14537,1,0.9492,1
14538,1,0.8351,1
14540,0,0.0024,0
14541,0,0.0024,0
14543,0,0.0034,0
14544,1,0.8337,1
14545,1,0.9418,1
14546,0,0.0023,0
14548,1,0.9738,1
14549,0,0.0066,0
14550,0,0.0657,0
14551,0,0.0049,0
14552,0,0.0275,0
14553,0,0.0049,0
14555,0,0.0021,0
14556,1,0.9692,1
14558,1,0.898,1
14560,0,0.0023,0
14562,0,0.0019,0
14563,1,0.632,1
14564,0,0.006,0
14565,1,0.6482,1
14568,0,0.0733,0
14569,1,0.5612,0
14570,1,0.9551,0
14571,0,0.0545,0
14572,0,0.0174,0
14573,0,0.0021,0
14574,1,0.9473,1
14575,1,0.8339,1
14576,0,0.0139,0
14577,0,0.0061,0
14579,0,0.0479,0
14580,1,0.9672,1
14581,1,0.9627,1
14583,0,0.0081,0
14584,0,0.0044,0
14585,0,0.0086,0
14588,1,0.9697,1
14590,0,0.0026,0
14593,0,0.0024,0
14594,0,0.0078,0
14595,1,0.655,0
14596,1,0.9589,1
14597,1,0.6858,0
14598,1,0.946,1
14599,0,0.0483,0
14600,0,0.0249,0
14602,1,0.9738,1
14604,1,0.9587,1
14605,0,0.0017,0
14606,0,0.0022,0
14607,1,0.9149,1
14608,0,0.2432,0
14610,1,0.7381,0
14611,1,0.5473,0
14612,0,0.0522,0
14614,0,0.0104,0
14615,0,0.0062,0
14617,0,0.4708,0
14618,0,0.0065,0
14619,1,0.7949,1
14621,1,0.9568,1
14623,0,0.0057,0
14624,0,0.0055,0
14625,0,0.002,0
14626,0,0.0018,0
14627,0,0.029,0
14628,0,0.4513,0
14630,1,0.97,1
14631,0,0.0055,0
14634,0,0.3356,0
14635,1,0.9065,0
14637,1,0.9647,1
14639,0,0.0058,0
14640,0,0.0035,0
14643,1,0.7109,1
14644,0,0.0049,0
14645,1,0.9674,1
14646,0,0.0023,0
14647,1,0.9649,1
14648,0,0.0021,0
14649,0,0.0023,0
14650,1,0.941,1
14651,0,0.0081,0
14653,1,0.877,1
14654,1,0.967,1
14655,0,0.004,0
14656,0,0.0325,0
14657,0,0.0492,0
14662,0,0.0065,0
14663,0,0.0524,0
14665,0,0.0434,0
14667,0,0.0022,0
14668,1,0.9432,0
14669,1,0.9498,1
14670,1,0.9282,1
14671,1,0.9722,1
14672,1,0.6696,1
14673,0,0.0074,0
14674,1,0.9552,1
14675,0,0.0123,0
14676,0,0.4159,0
14677,1,0.956,1
14678,1,0.8611,1
14679,0,0.0016,0
14680,0,0.0023,0
14681,0,0.2113,0
14682,0,0.0048,0
14683,1,0.9712,1
14684,0,0.0091,0
14685,1,0.9721,1
14686,0,0.0062,0
14687,1,0.5501,0
14688,0,0.0076,0
14690,0,0.4996,0
14692,0,0.0078,0
14693,0,0.0135,0
14694,1,0.951,1
14695,1,0.7226,1
14696,0,0.008,0
14699,0,0.0857,0
14700,0,0.0803,0
14701,1,0.525,0
14702,0,0.0022,0
14704,1,0.5567,0
14706,1,0.9632,1
14708,0,0.1447,0
14709,0,0.0022,0
14710,0,0.0021,0
14713,0,0.0025,0
14714,0,0.0019,0
14715,1,0.8122,1
14716,1,0.8868,0
14717,1,0.9694,1
14718,0,0.0484,0
14721,0,0.0104,0
14722,1,0.6709,1
14723,0,0.002,0
14724,1,0.9486,1
14725,0,0.0699,0
14726,1,0.9652,1
14727,1,0.7028,1
14728,0,0.0391,0
14729,0,0.0062,0
14732,0,0.0022,0
14733,0,0.0087,0
14734,0,0.0066,0
14735,0,0.0027,0
14736,1,0.5974,1
14737,0,0.0159,0
14738,1,0.8639,1
14739,0,0.0024,0
14740,0,0.0056,0
14741,0,0.0084,0
14742,1,0.7064,0
14743,1,0.9745,1
14744,0,0.0053,0
14745,1,0.9335,1
14746,0,0.3234,0
14748,0,0.0039,0
14749,1,0.9515,1
14750,1,0.9584,1
14751,1,0.7847,1
14753,1,0.9371,1
14754,0,0.0053,0
14755,0,0.0019,0
14756,0,0.0053,0
14758,0,0.0046,0
14761,1,0.9004,0
14762,1,0.9426,1
14766,0,0.0061,0
14767,1,0.9747,1
14769,0,0.0021,0
14770,1,0.9469,1
14771,1,0.968,1
14773,1,0.9317,1
14774,1,0.9407,1
14775,0,0.0113,0
14776,0,0.0052,0
14777,0,0.0558,0
14783,1,0.9668,1
14784,0,0.0096,0
14786,1,0.9743,1
14787,1,0.9646,1
14788,1,0.8201,1
14790,0,0.0018,0
14791,1,0.9688,1
14793,1,0.8242,1
14794,1,0.7684,0
14796,0,0.002,0
14797,1,0.9697,1
14798,0,0.005,0
14799,1,0.9278,1
14800,0,0.0067,0
14805,0,0.0459,0
14806,1,0.9326,0
14807,0,0.0374,0
14809,1,0.9054,1
14810,0,0.0072,0
14811,0,0.0121,0
14812,1,0.9496,1
14813,0,0.0051,0
14814,1,0.9628,1
14817,0,0.005,0
14818,1,0.7328,1
14819,1,0.6186,1
14820,0,0.0019,0
14821,0,0.0022,0
14822,1,0.9559,1
14824,0,0.005,0
14825,0,0.0064,0
14826,1,0.739,1
14828,0,0.2562,0
14829,0,0.0072,0
14831,1,0.9692,1
14833,1,0.9538,1
14834,0,0.0566,0
14837,0,0.2253,0
14838,0,0.0078,0
14839,0,0.0051,0
14840,1,0.962,1
14841,0,0.002,0
14843,1,0.899,0
14844,0,0.0054,0
14846,0,0.0507,0
14847,0,0.0748,0
14848,0,0.0568,0
14849,0,0.0021,0
14850,0,0.0068,0
14851,1,0.9641,1
14852,0,0.0073,0
14853,0,0.458,0
14854,0,0.0017,0
14855,1,0.9305,1
14857,0,0.4311,0
14858,1,0.9489,1
14859,1,0.9726,1
14861,0,0.0024,0
14865,0,0.0148,0
14867,0,0.0026,0
14868,0,0.0054,0
14869,0,0.0023,0
14870,0,0.0053,0
14871,1,0.7354,1
14872,1,0.8425,1
14873,1,0.9584,1
14874,1,0.9693,1
14875,1,0.7114,0
14876,1,0.958,1
14877,0,0.0362,0
14878,0,0.0023,0
14879,1,0.9654,1
14882,0,0.0088,0
14884,1,0.947,1
14885,0,0.0436,0
14890,1,0.9517,1
14891,0,0.0745,0
14892,1,0.9485,1
14893,1,0.6838,1
14894,1,0.9597,0
14895,0,0.0023,0
14896,0,0.0018,0
14897,0,0.0018,0
14898,0,0.0024,0
14899,0,0.0305,0
14901,0,0.0106,0
14902,0,0.0633,0
14904,0,0.0286,0
14905,0,0.0021,0
14907,0,0.006,0
14908,1,0.9409,1
14909,0,0.2621,0
14911,0,0.0023,0
14912,0,0.0629,0
14913,0,0.0113,0
14915,0,0.0024,0
14916,0,0.032,0
14917,1,0.6637,1
14918,0,0.006,0
14919,1,0.9318,1
14920,1,0.8285,1
14922,0,0.0774,0
14924,1,0.6235,1
14927,0,0.011,0
14928,1,0.9603,1
14929,1,0.8169,0
14930,1,0.8477,1
14932,0,0.1053,0
14934,0,0.0075,0
14936,0,0.0049,0
14938,1,0.9776,1
14940,0,0.0052,0
14941,1,0.9558,1
14942,0,0.029,0
14943,1,0.961,1
14944,0,0.0037,0
14945,0,0.044,0
14947,0,0.006,0
14949,1,0.8018,1
14952,0,0.0023,0
14953,0,0.0332,0
14954,1,0.9673,1
14955,1,0.9504,1
14957,1,0.9615,1
14958,1,0.8055,1
14961,0,0.002,0
14962,1,0.8552,1
14963,0,0.0077,0
14966,0,0.002,0
14967,0,0.036,0
14968,1,0.9532,1
14970,1,0.9057,1
14972,0,0.0157,0
14975,0,0.0598,0
14977,1,0.9577,1
14978,0,0.0087,0
14979,1,0.8067,1
14980,1,0.9715,1
14981,0,0.0466,0
14982,1,0.9665,1
14983,1,0.902,1
14984,1,0.8445,1
14986,0,0.0029,0
14987,0,0.017,0
14988,0,0.0063,0
14989,1,0.9571,1
14990,1,0.7192,1
14991,0,0.0433,0
14992,1,0.92,0
14993,1,0.9618,1
14994,0,0.0067,0
14996,1,0.6676,1
14997,1,0.9587,1
14998,1,0.5322,0
14999,1,0.9605,1
15001,1,0.7132,0
15002,0,0.002,0
15003,1,0.7653,1
15005,0,0.0021,0
15006,1,0.9205,0
15011,0,0.0597,0
15012,0,0.2246,0
15013,1,0.9362,1
15015,1,0.9441,1
15016,0,0.0609,0
15018,0,0.0195,0
15020,0,0.0085,0
15021,0,0.0081,0
15022,1,0.9771,1
15023,0,0.0024,0
15024,0,0.0081,0
15025,1,0.8176,1
15026,0,0.0079,0
15027,0,0.0056,0
15028,0,0.0072,0
15029,1,0.9397,1
15030,0,0.1369,0
15031,0,0.0023,0
15032,0,0.0065,0
15034,0,0.0056,0
15037,1,0.6555,0
15038,0,0.0072,0
15039,0,0.0022,0
15040,1,0.9756,1
15041,1,0.9298,0
15043,1,0.9307,1
15044,0,0.0026,0
15046,0,0.0056,0
15048,0,0.0166,0
15050,0,0.073,0
15051,0,0.0018,0
15055,1,0.8024,1
15056,1,0.9311,1
15057,0,0.0498,0
15058,0,0.0035,0
15059,0,0.0022,0
15061,0,0.0025,0
15062,0,0.0074,0
15064,0,0.002,0
15065,0,0.039,0
15067,0,0.0448,0
15068,0,0.027,0
15070,1,0.8907,1
15071,0,0.0443,0
15072,1,0.9412,1
15073,0,0.0018,0
15074,0,0.0691,0
15076,1,0.8095,1
15077,1,0.5413,1
15078,0,0.0026,0
15079,0,0.0016,0
15080,0,0.0839,0
15081,0,0.0087,0
15082,1,0.9361,1
15084,0,0.1118,0
15085,1,0.9528,1
15086,1,0.7271,1
15091,1,0.9015,1
15092,1,0.9745,1
15093,0,0.0026,0
15094,1,0.7562,1
15095,0,0.0046,0
15097,1,0.7397,1
15100,0,0.0264,0
15101,1,0.8692,1
15102,1,0.6244,1
15105,0,0.0396,0
15107,0,0.1458,0
15109,1,0.9123,1
15110,1,0.7647,0
15111,0,0.0051,0
15112,1,0.9664,1
15114,0,0.0813,0
15115,1,0.9654,1
15117,1,0.5747,0
15122,0,0.0071,0
15123,0,0.0032,0
15124,1,0.6095,1
15125,1,0.9119,1
15126,1,0.7274,1
15127,1,0.9522,1
15128,0,0.0579,0
15129,0,0.0078,0
15131,0,0.0167,0
15133,1,0.5463,0
15134,1,0.7088,0
15135,1,0.9674,1
15137,1,0.7179,1
15138,0,0.0198,0
15140,1,0.8086,0
15141,1,0.9203,1
15142,0,0.0071,0
15143,0,0.0559,0
15144,0,0.0082,0
15149,1,0.9212,1
15150,1,0.815,1
15151,0,0.0596,0
15152,1,0.8543,1
15154,1,0.7114,1
15155,0,0.0105,0
15157,1,0.7117,1
15158,0,0.0802,0
15159,0,0.0065,0
15160,0,0.1521,0
15161,0,0.0116,0
15162,1,0.9535,1
15164,0,0.002,0
15165,0,0.0355,0
15166,1,0.9585,1
15167,0,0.0065,0
15169,0,0.0056,0
15170,0,0.0598,0
15173,0,0.0072,0
15174,0,0.0405,0
15176,1,0.9259,1
15177,0,0.0389,0
15179,0,0.0017,0
15180,0,0.0051,0
15182,0,0.0056,0
15183,1,0.9239,1
15184,0,0.0322,0
15186,1,0.8336,1
15188,1,0.9637,1
15189,0,0.2544,0
15190,0,0.4747,0
15191,1,0.7068,1
15192,0,0.0016,0
15194,0,0.0023,0
15196,0,0.0056,0
15197,0,0.0275,0
15198,0,0.0341,0
15199,0,0.0887,0
15200,1,0.8451,1
15201,1,0.5289,0
15203,0,0.0018,0
15207,0,0.0709,0
15208,0,0.0558,0
15209,1,0.918,1
15210,0,0.045,0
15211,0,0.0059,0
15212,0,0.0106,0
15215,0,0.0057,0
15216,1,0.9564,1
15217,1,0.837,1
15218,0,0.002,0
15219,1,0.9485,1
15221,1,0.794,0
15222,1,0.8608,1
15223,1,0.8054,1
15224,1,0.738,1
15227,0,0.0045,0
15228,0,0.0826,0
15229,1,0.9389,1
15231,1,0.9698,1
15235,0,0.0082,0
15240,0,0.0019,0
15241,0,0.0038,0
15243,1,0.7956,0
15244,1,0.9498,1
15245,0,0.0043,0
15246,1,0.9718,1
15247,1,0.9648,1
15248,0,0.0116,0
15249,0,0.0073,0
15250,1,0.9692,1
15251,0,0.2624,0
15252,0,0.0046,0
15253,0,0.006,0
15254,1,0.9052,1
15255,0,0.0017,0
15256,1,0.9582,1
15257,0,0.0754,0
15259,1,0.7383,1
15260,0,0.0021,0
15261,0,0.0077,0
15262,1,0.6441,0
15264,1,0.8565,1
15265,1,0.9587,1
15266,0,0.0021,0
15268,1,0.7138,1
15269,0,0.0095,0
15270,0,0.0021,0
15271,0,0.0064,0
15272,0,0.4979,0
15276,0,0.0452,0
15277,0,0.0548,0
15278,1,0.9115,1
15279,0,0.0017,0
15280,1,0.7524,1
15281,0,0.0104,0
15282,1,0.9667,1
15283,1,0.8383,1
15284,1,0.9759,1
15285,0,0.0531,0
15287,0,0.038,0
15288,0,0.0018,0
15289,1,0.7102,1
15290,0,0.0067,0
15291,0,0.0026,0
15293,1,0.9616,1
15294,0,0.0516,0
15295,1,0.9142,1
15296,0,0.0103,0
15298,0,0.0019,0
15301,0,0.0067,0
15302,1,0.9475,1
15303,1,0.9141,1
15304,0,0.0261,0
15305,1,0.9621,1
15306,1,0.9466,1
15309,1,0.9754,1
15310,1,0.6934,1
15311,0,0.0023,0
15312,0,0.0019,0
15314,0,0.0492,0
15317,1,0.9683,1
15321,0,0.3428,0
15322,1,0.7844,1
15323,1,0.9309,1
15324,1,0.9524,1
15325,0,0.0055,0
15326,1,0.9792,1
15328,0,0.0481,0
15329,0,0.0019,0
15331,1,0.8778,1
15332,0,0.0083,0
15336,0,0.0414,0
15337,0,0.0613,0
15338,1,0.9504,1
15339,0,0.0056,0
15340,1,0.9514,1
15341,1,0.9319,0
15346,0,0.0662,0
15347,0,0.0076,0
15350,0,0.0089,0
15351,0,0.0086,0
15352,1,0.9694,1
15353,0,0.0018,0
15356,0,0.0093,0
15358,0,0.0021,0
15359,1,0.8467,1
15362,0,0.052,0
15363,0,0.0066,0
15365,0,0.0042,0
15366,0,0.0059,0
15367,0,0.002,0
15369,1,0.7649,1
15370,0,0.0915,0
15373,0,0.0076,0
15374,1,0.9565,1
15375,1,0.9617,1
15377,0,0.1356,0
15378,1,0.7722,1
15379,0,0.0138,0
15380,1,0.7818,1
15381,0,0.2415,0
15382,0,0.003,0
15384,0,0.004,0
15385,0,0.0361,0
15387,1,0.7875,1
15390,0,0.0111,0
15391,1,0.9731,1
15392,0,0.006,0
15393,1,0.914,1
15394,0,0.0019,0
15400,1,0.8334,1
15401,1,0.6009,0
15402,0,0.0059,0
15403,1,0.9746,1
15404,0,0.0106,0
15405,1,0.959,1
15406,1,0.6409,0
15409,1,0.9602,1
15410,1,0.9096,1
15413,1,0.9664,1
15416,1,0.728,1
15418,0,0.0469,0
15420,0,0.0023,0
15421,0,0.0021,0
15422,0,0.0021,0
15423,1,0.7509,1
15424,1,0.9668,1
15425,0,0.0051,0
15426,0,0.0085,0
15428,0,0.002,0
15430,1,0.8725,1
15432,1,0.9633,1
15434,0,0.0016,0
15437,1,0.9361,1
15439,0,0.0045,0
15441,0,0.0016,0
15443,1,0.9566,1
15445,1,0.9455,1
15446,0,0.0021,0
15447,1,0.7973,1
15448,1,0.9681,1
15451,0,0.4917,0
15452,0,0.007,0
15454,1,0.9681,1
15456,0,0.002,0
15458,0,0.0561,0
15459,1,0.5292,0
15462,1,0.6482,0
15465,0,0.0026,0
15466,0,0.0026,0
15468,0,0.01,0
15469,1,0.9656,0
15470,1,0.9683,1
15471,0,0.0391,0
15474,1,0.9663,1
15476,0,0.0049,0
15478,1,0.9054,1
15479,1,0.9578,1
15480,1,0.8361,1
15481,0,0.0493,0
15482,0,0.0049,0
15483,0,0.0021,0
15484,1,0.7167,1
15485,0,0.0023,0
15487,1,0.9646,1
15488,1,0.7897,1
15489,0,0.0023,0
15490,0,0.0641,0
15493,0,0.0068,0
15494,1,0.7325,1
15495,0,0.0109,0
15496,1,0.9722,1
15497,0,0.0292,0
15498,0,0.002,0
15499,1,0.9651,1
15501,0,0.0416,0
15502,0,0.0073,0
15503,1,0.9511,1
15504,1,0.8494,1
15506,0,0.0073,0
15509,0,0.0085,0
15512,0,0.0092,0
15513,0,0.0021,0
15514,0,0.0023,0
15515,0,0.0146,0
15518,0,0.0018,0
15519,1,0.7002,0
15521,0,0.0018,0
15523,0,0.0026,0
15524,1,0.9701,1
15525,0,0.0076,0
15527,0,0.0024,0
15529,0,0.0068,0
15530,1,0.9571,1
15532,0,0.013,0
15534,1,0.9379,1
15535,0,0.0647,0
15536,0,0.0362,0
15540,0,0.0101,0
15542,1,0.8782,1
15543,1,0.9528,1
15544,0,0.0019,0
15545,0,0.013,0
15547,0,0.0022,0
15548,1,0.9613,1
15549,0,0.0045,0
15550,0,0.0021,0
15551,0,0.0091,0
15552,1,0.9621,1
15555,0,0.0027,0
15558,1,0.9697,1
15559,1,0.9343,1
15560,1,0.6446,0
15561,0,0.0021,0
15562,0,0.0302,0
15563,1,0.9522,1
15564,1,0.6605,1
15566,0,0.0197,0
15569,0,0.0078,0
15570,0,0.0099,0
15571,0,0.0027,0
15572,0,0.0048,0
15573,1,0.8839,1
15574,0,0.0103,0
15575,1,0.9785,1
15577,1,0.8579,1
15579,0,0.0062,0
15580,0,0.0018,0
15581,0,0.0025,0
15583,0,0.0097,0
15584,0,0.0183,0
15586,1,0.9254,1
15590,0,0.0058,0
15591,1,0.8345,1
15595,1,0.9694,1
15596,0,0.0082,0
15597,1,0.9699,1
15598,0,0.0415,0
15599,1,0.6761,0
15600,0,0.0068,0
15601,0,0.0021,0
15602,0,0.002,0
15603,1,0.964,1
15605,0,0.0021,0
15606,0,0.009,0
15607,1,0.961,1
15608,0,0.0842,0
15611,0,0.0034,0
15613,1,0.9428,1
15614,0,0.2782,0
15615,0,0.0022,0
15616,1,0.9033,0
15617,0,0.0075,0
15620,0,0.0539,0
15622,0,0.0044,0
15623,0,0.0017,0
15625,0,0.0066,0
15626,1,0.5902,0
15627,1,0.7142,1
15628,0,0.0018,0
15629,1,0.7208,0
15630,1,0.9417,1
15631,1,0.7496,1
15633,1,0.8383,1
15634,0,0.0257,0
15636,1,0.6905,0
15637,0,0.0273,0
15638,0,0.2999,0
15639,1,0.5858,0
15640,0,0.0019,0
15641,0,0.0018,0
15645,0,0.4784,0
15646,0,0.0055,0
15647,0,0.0454,0
15649,0,0.0205,0
15650,1,0.8459,1
15651,0,0.0473,0
15652,0,0.0081,0
15658,0,0.0019,0
15659,0,0.2017,0
15660,0,0.0026,0
15661,0,0.0076,0
15662,1,0.7935,1
15664,1,0.646,0
15665,0,0.0082,0
15666,1,0.7297,1
15670,1,0.9641,1
15672,1,0.9726,1
15673,1,0.8079,0
15674,0,0.0021,0
15675,0,0.0421,0
15677,0,0.0748,0
15678,0,0.0088,0
15680,0,0.0018,0
15681,0,0.0051,0
15682,1,0.912,1
15683,1,0.9588,1
15684,1,0.6144,1
15685,1,0.9445,0
15688,0,0.0529,0
15689,1,0.9572,1
15691,0,0.043,0
15694,0,0.0029,0
15695,1,0.9256,1
15696,0,0.0056,0
15697,1,0.9283,1
15698,1,0.9638,1
15702,1,0.9686,1
15704,1,0.8379,1
15708,0,0.0105,0
15709,1,0.9576,1
15710,0,0.1055,0
15711,1,0.8875,1
15712,0,0.002,0
15713,0,0.0017,0
15714,1,0.7154,0
15715,1,0.9326,1
15716,0,0.002,0
15717,0,0.0707,0
15718,1,0.9745,1
15719,0,0.0022,0
15720,1,0.9796,1
15722,1,0.8578,0
15723,0,0.0568,0
15724,0,0.01,0
15726,0,0.011,0
15727,0,0.002,0
15728,1,0.6143,0
15729,1,0.7666,0
15730,0,0.0794,0
15731,1,0.967,1
15732,0,0.0024,0
15734,1,0.6445,0
15735,0,0.0477,0
15736,0,0.0551,0
15738,0,0.0025,0
15741,1,0.7462,1
15742,1,0.9775,1
15747,0,0.0018,0
15748,1,0.7268,0
15750,0,0.0024,0
15751,1,0.8352,1
15752,0,0.0091,0
15754,1,0.932,1
15755,0,0.0019,0
15757,0,0.0096,0
15759,1,0.6053,1
15761,1,0.8793,0
15764,0,0.0483,0
15765,1,0.9359,1
15766,1,0.5235,1
15768,1,0.8905,1
15769,0,0.0149,0
15770,1,0.9722,1
15771,1,0.9258,1
15772,0,0.0483,0
15773,0,0.038,0
15774,0,0.0062,0
15777,1,0.5467,0
15778,0,0.0746,0
15779,1,0.8669,1
15782,0,0.0481,0
15784,1,0.6662,1
15785,0,0.0024,0
15786,0,0.0175,0
15788,1,0.9435,1
15789,0,0.0067,0
15791,1,0.9738,1
15792,0,0.027,0
15793,0,0.012,0
15794,1,0.9308,1
15795,0,0.0065,0
15796,0,0.0066,0
15798,1,0.8614,1
15799,1,0.6382,0
15800,1,0.7252,0
15803,1,0.5078,0
15805,0,0.0018,0
15807,0,0.0274,0
15808,0,0.0026,0
15809,1,0.7036,1
15810,0,0.0016,0
15811,0,0.0087,0
15812,0,0.0024,0
15814,0,0.0574,0
15816,1,0.808,1
15817,0,0.014,0
15818,1,0.9463,1
15819,0,0.0063,0
15822,1,0.8423,1
15823,1,0.9519,1
15824,1,0.6641,0
15826,1,0.8158,1
15827,0,0.0024,0
15828,0,0.0334,0
15833,1,0.9734,1
15834,0,0.0082,0
15837,1,0.7229,1
15841,0,0.002,0
15842,0,0.0609,0
15845,1,0.9312,1
15846,0,0.0103,0
15847,0,0.0562,0
15848,1,0.9584,1
15850,0,0.002,0
15851,1,0.9541,1
15852,1,0.9238,1
15854,0,0.0021,0
15855,1,0.968,1
15856,0,0.0026,0
15857,0,0.0636,0
15858,0,0.0019,0
15859,0,0.0486,0
15860,0,0.0021,0
15861,1,0.8418,1
15862,0,0.0019,0
15863,1,0.8269,1
15864,0,0.0121,0
15865,0,0.0042,0
15867,0,0.0026,0
15868,1,0.9742,1
15869,1,0.959,1
15870,1,0.733,0
15871,1,0.9514,0
15872,0,0.3503,0
15874,0,0.0019,0
15875,1,0.9657,1
15878,1,0.6235,1
15879,0,0.0023,0
15880,0,0.0106,0
15882,0,0.0024,0
15884,0,0.0267,0
15885,0,0.0091,0
15886,0,0.0385,0
15887,1,0.8171,1
15888,1,0.6131,0
15889,0,0.0018,0
15890,0,0.3629,0
15892,1,0.9779,1
15894,0,0.0081,0
15898,0,0.0023,0
15899,0,0.0132,0
15900,0,0.0598,0
15901,1,0.5199,0
15902,0,0.012,0
15903,1,0.9766,1
15905,1,0.9622,1
15906,0,0.0094,0
15908,1,0.957,1
15910,0,0.0019,0
15911,1,0.9622,1
15912,0,0.0219,0
15913,1,0.9546,1
15914,1,0.6946,0
15915,0,0.0379,0
15916,0,0.0018,0
15917,1,0.9077,1
15918,1,0.9681,1
15919,0,0.0198,0
15920,0,0.0421,0
15921,0,0.4856,0
15922,0,0.0157,0
15923,0,0.0139,0
15924,1,0.9833,1
15926,1,0.9826,1
15927,1,0.9842,1
15928,1,0.973,1
15931,1,0.574,0
15934,0,0.4452,0
15936,1,0.6359,0
15938,1,0.7632,1
15939,0,0.0121,0
15943,1,0.6306,1
15944,0,0.0055,0
15945,0,0.0169,0
15946,1,0.6889,1
15948,1,0.6511,0
15950,0,0.0023,0
15951,0,0.0189,0
15953,0,0.0025,0
15954,1,0.9799,1
15955,0,0.0021,0
15956,1,0.9782,1
15957,0,0.0586,0
15958,0,0.105,0
15959,1,0.9012,1
15960,0,0.141,0
15961,0,0.0246,0
15962,0,0.368,0
15964,1,0.9866,1
15965,0,0.0019,0
15966,0,0.3994,0
15967,0,0.0024,0
15968,0,0.0197,0
15969,1,0.6394,0
15970,1,0.9714,1
15972,1,0.9657,1
15973,1,0.6531,0
15976,0,0.0124,0
15978,0,0.0302,0
15979,1,0.9779,1
15980,1,0.936,1
15981,1,0.9081,1
15982,1,0.9827,1
15983,0,0.0017,0
15984,0,0.0023,0
15985,1,0.7803,0
15986,0,0.0185,0
15987,0,0.0802,0
15988,1,0.8806,1
15989,0,0.0211,0
15990,1,0.9539,1
15991,1,0.8541,1
15992,0,0.0678,0
15994,0,0.0381,0
15995,1,0.5217,0
15996,0,0.0078,0
15998,0,0.0027,0
15999,1,0.9868,1
16001,0,0.0244,0
16002,1,0.9754,1
16003,0,0.0018,0
16004,1,0.8014,1
16005,0,0.0078,0
16006,0,0.0188,0
16007,0,0.0167,0
16008,0,0.006,0
16010,0,0.0097,0
16011,0,0.0023,0
16012,0,0.0164,0
16013,1,0.9676,1
16014,0,0.0206,0
16016,0,0.0101,0
16017,0,0.0022,0
16018,0,0.0336,0
16019,0,0.0024,0
16021,0,0.0473,0
16024,0,0.3978,0
16027,1,0.798,1
16028,1,0.9894,1
16032,1,0.9273,1
16033,0,0.0081,0
16034,1,0.5457,0
16035,1,0.9886,1
16036,0,0.0478,0
16037,1,0.9175,1
16039,0,0.0321,0
16040,0,0.0054,0
16042,0,0.0056,0
16043,0,0.0072,0
16044,0,0.4602,0
16045,0,0.0083,0
16046,1,0.9788,1
16048,0,0.0048,0
16049,0,0.0116,0
16050,1,0.6568,0
16051,1,0.9772,1
16053,0,0.005,0
16054,0,0.0378,0
16057,1,0.9301,1
16058,1,0.7126,0
16059,0,0.0062,0
16060,0,0.08,0
16061,1,0.7623,0
16062,0,0.0065,0
16064,1,0.9786,1
16065,0,0.0091,0
16067,1,0.9337,1
16068,1,0.9833,1
16069,0,0.4755,0
16071,1,0.9692,1
16072,0,0.0263,0
16074,0,0.0189,0
16075,1,0.8787,1
16078,1,0.9803,1
16080,1,0.6055,0
16081,0,0.0024,0
16082,1,0.9822,1
16083,0,0.008,0
16085,0,0.0019,0
16086,0,0.0017,0
16088,1,0.9813,1
16089,1,0.6793,0
16090,1,0.9825,1
16092,1,0.9362,1
16094,0,0.0057,0
16095,1,0.7076,1
16096,0,0.0292,0
16098,0,0.0022,0
16099,1,0.5377,0
16100,1,0.5671,1
16101,0,0.0084,0
16103,0,0.0025,0
16104,0,0.002,0
16105,1,0.8829,0
16108,0,0.007,0
16109,1,0.9854,1
16110,1,0.6343,1
16111,1,0.5788,0
16115,0,0.0049,0
16117,0,0.0386,0
16118,1,0.9875,1
16119,0,0.002,0
16120,1,0.537,0
16121,0,0.0063,0
16122,0,0.1527,0
16124,0,0.0019,0
16125,0,0.0023,0
16126,0,0.0025,0
16127,1,0.9806,1
16128,0,0.0086,0
16129,0,0.0073,0
16130,0,0.0042,0
16131,0,0.0014,0
16132,1,0.7172,1
16133,0,0.0075,0
16134,0,0.007,0
16135,1,0.9779,1
16136,1,0.9721,1
16137,1,0.8711,1
16138,0,0.0047,0
16139,1,0.8815,1
16140,0,0.0082,0
16141,0,0.4909,0
16143,0,0.0017,0
16145,0,0.0063,0
16146,0,0.4247,0
16147,0,0.003,0
16148,1,0.5184,0
16149,1,0.5212,0
16150,0,0.0019,0
16153,0,0.0082,0
16155,0,0.0075,0
16156,0,0.0023,0
16158,1,0.8676,1
16159,1,0.7018,1
16161,0,0.0021,0
16163,0,0.0019,0
16166,0,0.0304,0
16167,0,0.0024,0
16168,0,0.0025,0
16170,0,0.007,0
16172,1,0.7095,1
16174,1,0.969,1
16175,1,0.9272,1
16176,0,0.0033,0
16177,1,0.5215,0
16178,0,0.4983,0
16180,1,0.9377,1
16182,1,0.9823,1
16183,0,0.0707,0
16185,1,0.9789,1
16186,0,0.0019,0
16188,0,0.486,0
16190,0,0.0018,0
16191,0,0.0053,0
16192,1,0.9763,1
16193,0,0.4444,0
16194,0,0.015,0
16195,1,0.9219,1
16196,1,0.8641,1
16197,1,0.6456,1
16198,1,0.5889,0
16199,1,0.849,1
16200,0,0.0027,0
16201,0,0.4527,0
16202,0,0.0022,0
16203,0,0.0083,0
16204,0,0.0061,0
16205,0,0.0069,0
16206,0,0.002,0
16208,0,0.0072,0
16209,0,0.0211,0
16210,0,0.0023,0
16211,0,0.4893,0
16212,1,0.9258,1
16214,0,0.4423,0
16218,0,0.0063,0
16221,0,0.0088,0
16222,1,0.904,1
16223,0,0.0082,0
16224,0,0.0116,0
16225,0,0.0047,0
16226,0,0.0563,0
16227,1,0.8214,1
16228,0,0.0066,0
16229,0,0.0077,0
16231,0,0.0063,0
16232,0,0.0078,0
16233,0,0.0019,0
16234,1,0.8172,1
16235,0,0.007,0
16237,1,0.5628,0
16238,1,0.5484,0
16239,1,0.5172,0
16241,0,0.008,0
16242,0,0.0083,0
16244,0,0.0162,0
16246,1,0.7096,1
16250,0,0.0674,0
16251,1,0.552,1
16252,0,0.0199,0
16253,0,0.0019,0
16254,0,0.0052,0
16255,0,0.002,0
16256,1,0.8936,1
16258,0,0.0058,0
16259,0,0.038,0
16261,0,0.0599,0
16262,0,0.0248,0
16263,0,0.2807,0
16264,1,0.6521,0
16265,0,0.005,0
16266,0,0.0083,0
16267,1,0.9866,1
16269,0,0.2472,0
16271,1,0.8534,1
16273,1,0.9881,1
16274,0,0.0183,0
16275,1,0.6719,1
16276,1,0.7697,1
16277,1,0.9853,1
16278,0,0.4111,1
16279,0,0.0067,0
16280,1,0.9839,1
16281,1,0.5313,0
16282,1,0.5443,1
16283,0,0.0205,0
16284,0,0.0153,0
16285,1,0.9814,1
16286,1,0.8266,1
16287,0,0.0025,0
16288,1,0.9002,1
16289,1,0.5647,1
16290,1,0.9502,1
16292,0,0.0075,0
16293,0,0.0019,0
16294,1,0.5112,1
16296,1,0.9804,1
16298,1,0.7571,0
16299,1,0.6242,1
16300,0,0.008,0
16301,1,0.9787,1
16303,0,0.0056,0
16304,1,0.9059,1
16306,0,0.0078,0
16307,0,0.0066,0
16310,0,0.0423,0
16312,0,0.3603,0
16314,0,0.0063,0
16315,1,0.5338,1
16316,0,0.008,0
16317,1,0.9727,1
16320,1,0.6581,0
16321,1,0.7239,1
16325,0,0.002,0
16326,0,0.0027,0
16327,0,0.0027,0
16328,1,0.824,1
16329,0,0.0019,0
16330,0,0.0587,0
16331,0,0.0054,0
16332,0,0.0595,0
16334,1,0.719,1
16335,1,0.9625,1
16336,1,0.8836,1
16340,1,0.5269,0
16341,1,0.5343,0
16343,0,0.4706,0
16344,1,0.9618,1
16345,1,0.6659,1
16346,0,0.0215,0
16347,0,0.0059,0
16348,0,0.4567,0
16350,0,0.0061,0
16351,0,0.002,0
16353,0,0.0022,0
16354,0,0.0058,0
16355,0,0.0243,0
16356,1,0.5267,0
16357,0,0.0162,0
16358,0,0.0091,0
16359,0,0.0021,0
16362,1,0.5583,0
16365,0,0.0037,0
16366,1,0.9738,1
16367,0,0.025,0
16368,0,0.4137,0
16369,1,0.6097,0
16371,0,0.4157,0
16372,0,0.0105,0
16373,0,0.4995,0
16374,0,0.0112,0
16375,1,0.8012,1
16381,1,0.5804,0
16382,1,0.514,0
16383,0,0.0033,0
16384,0,0.0522,0
16385,0,0.0043,0
16386,0,0.0315,0
16387,0,0.0054,0
16388,1,0.9797,1
16390,1,0.8168,1
16391,0,0.0072,0
16392,0,0.052,0
16393,0,0.0021,0
16395,0,0.0023,0
16396,1,0.5343,1
16397,1,0.9886,1
16399,0,0.0244,0
16400,0,0.0019,0
16401,0,0.0087,0
16402,0,0.0211,0
16406,0,0.4362,0
16407,0,0.0073,0
16408,1,0.9733,1
16409,0,0.0021,0
16410,1,0.9813,1
16411,0,0.0078,0
16412,0,0.0026,0
16413,0,0.0182,0
16414,0,0.0294,0
16415,1,0.8674,1
16416,0,0.0076,0
16417,1,0.8588,1
16418,0,0.4101,0
16419,1,0.6513,1
16420,0,0.0157,0
16421,0,0.0128,0
16422,0,0.0023,0
16424,0,0.0171,0
16428,0,0.0444,0
16430,0,0.0141,0
16433,0,0.2989,0
16434,0,0.1442,0
16435,1,0.8888,1
16436,1,0.7216,1
16437,1,0.636,0
16439,1,0.9828,1
16440,1,0.6391,1
16441,0,0.0397,0
16442,1,0.6528,1
16444,0,0.0065,0
16445,0,0.0576,0
16447,1,0.9374,1
16448,1,0.561,1
16450,1,0.9003,1
16451,1,0.9333,1
16452,1,0.752,1
16453,1,0.5538,1
16454,1,0.8312,1
16455,0,0.0069,0
16456,0,0.007,0
16458,0,0.0083,0
16459,1,0.9886,1
16461,1,0.9609,1
16465,0,0.0497,0
16466,0,0.0056,0
16468,1,0.666,1
16469,0,0.4557,1
16470,0,0.0021,0
16471,0,0.0041,0
16472,0,0.0505,0
16473,0,0.0144,0
16476,0,0.4512,0
16477,0,0.0091,0
16481,1,0.981,1
16485,0,0.0025,0
16486,1,0.744,1
16487,1,0.7269,1
16489,1,0.575,0
16490,1,0.5469,0
16491,0,0.3151,0
16492,1,0.614,1
16493,1,0.5632,0
16496,0,0.0667,0
16497,0,0.0021,0
16499,0,0.0059,0
16500,0,0.0062,0
16501,0,0.0252,0
16502,1,0.9802,1
16503,0,0.0101,0
16507,1,0.9745,1
16508,1,0.9786,1
16510,0,0.0018,0
16511,0,0.0055,0
16515,0,0.0074,0
16518,0,0.0553,0
16519,0,0.0081,0
16520,0,0.003,0
16521,0,0.0098,0
16522,0,0.3931,0
16523,0,0.0051,0
16524,1,0.5179,0
16525,0,0.0026,0
16526,1,0.9804,1
16527,0,0.4842,0
16529,1,0.9808,1
16530,1,0.9755,1
16531,0,0.0053,0
16534,1,0.9812,1
16535,0,0.016,0
16537,1,0.9882,1
16538,1,0.8105,1
16539,0,0.0108,0
16540,1,0.5582,0
16541,1,0.985,1
16542,0,0.4745,0
16543,1,0.9814,1
16544,0,0.4919,1
16545,0,0.0198,0
16546,0,0.0077,0
16547,1,0.985,1
16548,1,0.9894,1
16549,0,0.0069,0
16550,0,0.002,0
16551,0,0.0022,0
16552,0,0.0164,0
16553,0,0.0058,0
16554,0,0.0019,0
16555,1,0.9156,1
16556,0,0.0022,0
16558,0,0.0023,0
16559,0,0.0113,0
16560,0,0.0016,0
16562,1,0.5413,1
16563,0,0.002,0
16564,1,0.9837,1
16565,1,0.809,1
16569,1,0.8552,1
16570,0,0.0081,0
16571,0,0.006,0
16574,0,0.0344,0
16576,0,0.0809,0
16577,1,0.9204,1
16578,1,0.9729,1
16579,0,0.4497,0
16583,0,0.0188,0
16584,0,0.0442,0
16585,1,0.6985,1
16586,0,0.3798,0
16588,0,0.0062,0
16589,0,0.3558,0
16590,0,0.0583,0
16592,0,0.0019,0
16593,0,0.0018,0
16595,0,0.0032,0
16596,0,0.0071,0
16599,0,0.0138,0
16600,0,0.0019,0
16601,0,0.3508,0
16602,0,0.0116,0
16604,1,0.9831,1
16606,0,0.429,0
16607,0,0.0073,0
16608,1,0.6919,0
16611,0,0.0069,0
16612,0,0.0019,0
16614,0,0.4648,0
16615,1,0.983,1
16619,0,0.0044,0
16620,0,0.002,0
16622,1,0.9749,1
16623,0,0.0043,0
16625,0,0.0075,0
16628,0,0.4478,0
16630,1,0.5199,0
16631,1,0.9207,1
16632,1,0.8147,1
16634,0,0.0017,0
16635,1,0.5512,0
16636,0,0.3405,0
16638,0,0.0096,0
16639,1,0.5102,0
16640,0,0.0184,0
16641,1,0.8973,1
16642,0,0.4884,0
16643,1,0.5156,0
16645,1,0.9757,1
16646,0,0.4829,0
16647,1,0.61,0
16648,1,0.6986,1
16649,1,0.5224,1
16650,0,0.0081,0
16651,1,0.9673,1
16652,0,0.0057,0
16654,0,0.005,0
16655,0,0.0066,0
16656,0,0.0113,0
16658,0,0.0106,0
16660,1,0.6974,0
16661,1,0.928,1
16662,0,0.0182,0
16664,1,0.9861,1
16666,1,0.9774,1
16668,0,0.0124,0
16670,0,0.0024,0
16673,1,0.9818,1
16675,1,0.5673,0
16676,0,0.059,0
16677,0,0.0398,0
16679,0,0.1593,0
16680,1,0.6337,1
16681,1,0.9689,1
16683,0,0.497,1
16684,0,0.0074,0
16686,0,0.0022,0
16687,0,0.0128,0
16690,1,0.7764,0
16691,1,0.5755,0
16693,0,0.0364,0
16695,1,0.9815,1
16699,0,0.0021,0
16700,0,0.0019,0
16701,0,0.0024,0
16702,0,0.0021,0
16704,1,0.8979,1
16705,0,0.0023,0
16707,0,0.0065,0
16709,0,0.002,0
16710,0,0.0022,0
16711,0,0.3468,0
16712,0,0.0745,0
16713,0,0.0022,0
16714,1,0.8608,1
16715,1,0.9902,1
16717,0,0.0027,0
16718,0,0.002,0
16719,0,0.0018,0
16720,0,0.0042,0
16722,0,0.0022,0
16723,0,0.0392,0
16724,0,0.3837,0
16725,0,0.0023,0
16726,0,0.0619,0
16727,0,0.0024,0
16731,1,0.9787,1
16732,0,0.0039,0
16733,1,0.5372,1
16735,0,0.0017,0
16736,1,0.857,1
16739,1,0.6405,1
16740,0,0.0103,0
16741,1,0.9724,1
16742,1,0.929,1
16743,1,0.9399,1
16746,0,0.0022,0
16748,0,0.0021,0
16749,1,0.9653,1
16752,0,0.014,0
16755,1,0.8052,1
16756,0,0.0059,0
16757,0,0.447,0
16760,1,0.561,0
16763,1,0.9808,1
16765,0,0.031,0
16767,0,0.0064,0
16768,0,0.0019,0
16769,1,0.8154,1
16770,0,0.0062,0
16771,1,0.9255,1
16772,0,0.0065,0
16773,0,0.0562,0
16774,0,0.0052,0
16775,0,0.0112,0
16776,0,0.3369,0
16777,0,0.0067,0
16779,0,0.0025,0
16780,0,0.3447,0
16781,0,0.002,0
16782,0,0.0024,0
16783,1,0.6186,0
16784,0,0.0046,0
16785,0,0.4952,0
16787,0,0.0022,0
16788,0,0.0091,0
16791,0,0.0021,0
16792,0,0.0019,0
16794,0,0.0059,0
16795,0,0.0049,0
16797,0,0.0025,0
16798,1,0.8776,1
16799,0,0.062,0
16802,1,0.9153,1
16805,1,0.8553,1
16807,1,0.9787,1
16809,0,0.0064,0
16810,0,0.4345,0
16812,0,0.0075,0
16814,0,0.0078,0
16815,1,0.6919,0
16817,0,0.0064,0
16819,1,0.7477,1
16821,0,0.0397,0
16822,1,0.9831,1
16823,0,0.0024,0
16824,0,0.0204,0
16825,0,0.0612,0
16827,0,0.2609,0
16829,0,0.0172,0
16830,0,0.0905,0
16831,1,0.9769,1
16832,0,0.4268,0
16833,1,0.6014,0
16834,1,0.8803,1
16835,0,0.0069,0
16836,0,0.0392,0
16838,1,0.7818,1
16839,0,0.0024,0
16840,1,0.8079,1
16841,0,0.0055,0
16843,0,0.0085,0
16844,1,0.9087,1
16845,1,0.9757,1
16846,1,0.9789,1
16847,1,0.9816,1
16848,0,0.0086,0
16854,0,0.0353,0
16856,0,0.2759,0
16857,0,0.4064,0
16858,0,0.0021,0
16859,0,0.005,0
16860,1,0.6792,0
16861,0,0.0087,0
16862,1,0.897,1
16863,0,0.0072,0
16864,1,0.6949,0
16865,0,0.3826,0
16867,1,0.9681,1
16868,0,0.3432,0
16870,1,0.6163,1
16872,1,0.7034,1
16873,0,0.0056,0
16874,0,0.0215,0
16875,0,0.2757,0
16876,0,0.3266,0
16880,1,0.6054,1
16883,0,0.0023,0
16884,1,0.9223,1
16885,0,0.0113,0
16886,1,0.6272,1
16887,0,0.0054,0
16888,0,0.0296,0
16889,0,0.0068,0
16890,1,0.9811,1
16891,0,0.002,0
16892,1,0.6124,1
16893,0,0.1191,0
16894,1,0.7275,1
16895,1,0.8216,0
16896,1,0.9871,1
16898,0,0.0054,0
16899,1,0.5573,0
16901,1,0.9896,1
16903,0,0.0087,0
16904,0,0.0074,0
16905,0,0.0026,0
16906,0,0.0601,0
16907,0,0.2959,0
16908,1,0.9841,1
16911,1,0.6556,1
16912,0,0.0018,0
16913,1,0.9874,1
16915,1,0.5051,0
16916,0,0.0073,0
16917,1,0.8956,1
16918,0,0.0022,0
16919,0,0.0094,0
16920,1,0.5979,0
16921,1,0.5675,0
16922,1,0.8547,1
16923,0,0.0021,0
16925,1,0.6072,1
16926,0,0.0099,0
16928,0,0.0033,0
16931,0,0.007,0
16932,0,0.4749,0
16933,0,0.0023,0
16934,0,0.0048,0
16935,0,0.005,0
16936,0,0.018,0
16937,1,0.7534,1
16938,0,0.0084,0
16939,1,0.8793,1
16940,0,0.088,0
16941,1,0.9877,1
16944,1,0.9881,1
16945,0,0.0019,0
16946,0,0.0052,0
16947,1,0.9099,1
16948,0,0.3183,0
16950,0,0.002,0
16952,0,0.0737,0
16954,0,0.0022,0
16955,0,0.0021,0
16958,1,0.5729,0
16960,0,0.0058,0
16961,0,0.0632,0
16962,0,0.4705,0
16964,1,0.8717,1
16970,1,0.9903,1
16972,0,0.105,0
16973,0,0.0133,0
16974,1,0.8436,1
16975,0,0.072,0
16977,0,0.3975,0
16978,1,0.7074,1
16979,0,0.0079,0
16980,1,0.5435,0
16983,0,0.0108,0
16984,0,0.0105,0
16985,1,0.7991,1
16986,1,0.5014,0
16987,0,0.0029,0
16988,0,0.0198,0
16991,0,0.3294,0
16992,0,0.0022,0
16993,1,0.7957,1
16996,0,0.0068,0
16998,1,0.7659,0
17000,0,0.4893,0
17001,0,0.0071,0
17002,1,0.5705,0
17003,0,0.0063,0
17004,1,0.5366,0
17005,1,0.7405,1
17006,0,0.0065,0
17007,0,0.493,0
17009,1,0.9854,1
17011,1,0.9774,1
17012,1,0.8998,1
17016,1,0.9705,1
17017,0,0.0021,0
17018,1,0.9863,1
17019,0,0.0023,0
17020,1,0.9552,1
17021,1,0.5538,0
17022,0,0.3856,0
17023,0,0.0017,0
17025,0,0.0043,0
17026,0,0.4225,0
17027,0,0.4365,0
17028,1,0.9805,1
17029,1,0.6283,0
17031,1,0.9675,1
17032,1,0.9499,1
17033,0,0.0234,0
17034,0,0.0796,0
17035,1,0.9859,1
17036,0,0.0141,0
17038,1,0.5305,0
17039,1,0.8442,1
17040,1,0.9819,1
17041,0,0.0037,0
17043,0,0.0021,0
17044,1,0.9461,1
17045,1,0.6196,0
17046,1,0.7027,0
17047,0,0.0019,0
17048,0,0.2096,0
17049,0,0.007,0
17050,0,0.0017,0
17051,1,0.6777,0
17055,1,0.527,0
17056,1,0.9836,1
17057,1,0.9765,1
17059,0,0.0022,0
17062,0,0.0072,0
17063,0,0.0019,0
17065,1,0.7745,1
17066,1,0.983,1
17067,1,0.8308,1
17068,0,0.0086,0
17069,0,0.0024,0
17070,0,0.3587,0
17071,0,0.0017,0
17072,1,0.9779,1
17074,1,0.9862,1
17075,0,0.0025,0
17076,0,0.0066,0
17080,0,0.1882,0
17081,0,0.0046,0
17082,0,0.0016,0
17083,0,0.0061,0
17084,0,0.035,0
17085,0,0.0024,0
17087,1,0.9745,1
17089,0,0.0296,0
17090,0,0.0594,0
17091,0,0.0022,0
17092,0,0.4001,0
17093,1,0.9769,1
17094,0,0.4642,0
17095,0,0.0018,0
17096,0,0.0082,0
17097,0,0.1157,0
17098,1,0.5496,0
17099,1,0.7052,1
17101,0,0.0835,0
17103,1,0.8001,1
17104,1,0.5281,0
17106,0,0.0378,0
17107,0,0.0026,0
17108,1,0.9874,1
17109,0,0.0646,0
17110,1,0.6777,1
17111,0,0.4046,0
17112,1,0.6001,1
17113,1,0.973,1
17115,1,0.9639,1
17116,1,0.9049,1
17121,1,0.5049,0
17122,0,0.0884,0
17123,1,0.591,0
17126,0,0.0067,0
17127,0,0.0025,0
17129,1,0.8161,1
17132,1,0.6281,0
17133,1,0.7883,1
17134,1,0.612,0
17135,0,0.0043,0
17136,1,0.9762,1
17137,0,0.0051,0
17138,0,0.0026,0
17139,0,0.0037,0
17141,0,0.0044,0
17142,0,0.008,0
17143,0,0.0844,0
17145,1,0.762,1
17146,0,0.0067,0
17147,0,0.2148,0
17150,0,0.0019,0
17151,1,0.9854,1
17155,1,0.7396,1
17156,1,0.6432,1
17157,1,0.8801,1
17158,1,0.9698,1
17159,1,0.6489,1
17160,0,0.0022,0
17161,1,0.5026,0
17163,0,0.4083,0
17165,0,0.0019,0
17167,0,0.0049,0
17168,1,0.5806,1
17169,1,0.98,1
17170,1,0.5956,0
17171,1,0.9821,1
17172,0,0.0353,0
17176,1,0.5911,1
17177,1,0.563,1
17178,1,0.984,1
17179,0,0.0054,0
17180,0,0.0079,0
17181,1,0.9892,1
17182,1,0.645,0
17184,1,0.7241,1
17185,1,0.7389,1
17187,0,0.4927,1
17188,0,0.183,0
17189,1,0.8492,1
17190,0,0.0081,0
17191,0,0.0021,0
17192,1,0.5443,1
17193,0,0.0194,0
17194,1,0.513,1
17195,1,0.8996,1
17196,1,0.5069,0
17198,0,0.0892,0
17199,1,0.9849,1
17200,0,0.1625,0
17201,1,0.964,1
17202,1,0.697,0
17203,0,0.0104,0
17204,0,0.0055,0
17205,0,0.4707,0
17207,1,0.9718,1
17208,0,0.0137,0
17209,1,0.7378,1
17210,0,0.0184,0
17211,0,0.0019,0
17212,1,0.7148,1
17213,0,0.0021,0
17215,1,0.7802,1
17216,1,0.9885,1
17217,1,0.9857,1
17218,0,0.0024,0
17219,0,0.3199,0
17220,0,0.005,0
17221,1,0.6544,1
17222,1,0.8603,1
17223,0,0.1487,0
17224,1,0.7915,1
17225,1,0.9874,1
17226,0,0.4796,0
17227,0,0.0025,0
17228,0,0.0052,0
17230,1,0.9441,1
17231,0,0.0026,0
17233,0,0.0532,0
17235,0,0.0065,0
17236,0,0.0099,0
17237,0,0.0078,0
17238,0,0.0022,0
17239,1,0.5804,0
17240,1,0.9832,1
17241,0,0.0045,0
17242,1,0.7534,1
17243,0,0.0024,0
17244,0,0.0022,0
17245,1,0.9807,1
17246,1,0.6469,1
17248,1,0.6386,1
17249,0,0.3121,0
17251,0,0.006,0
17254,1,0.5166,0
17255,0,0.0494,0
17256,1,0.7616,1
17257,0,0.3211,0
17258,0,0.0268,0
17259,0,0.0021,0
17260,1,0.8068,0
17261,0,0.3929,1
17264,0,0.3461,0
17266,1,0.575,1
17268,1,0.5302,1
17269,0,0.0306,0
17270,1,0.5474,1
17271,1,0.9682,1
17273,0,0.396,0
17274,0,0.0302,0
17275,0,0.0132,0
17276,1,0.5501,0
17278,1,0.9873,1
17280,1,0.5705,0
17282,1,0.6968,1
17283,0,0.015,0
17284,0,0.0154,0
17285,1,0.6626,1
17286,1,0.7691,0
17287,0,0.0021,0
17288,0,0.0066,0
17289,0,0.0053,0
17290,0,0.0023,0
17292,1,0.8164,1
17293,0,0.0024,0
17294,1,0.8284,1
17296,1,0.9756,1
17298,1,0.6852,1
17299,1,0.7186,0
17300,1,0.6054,0
17301,1,0.9755,1
17304,1,0.8447,1
17307,0,0.2183,0
17309,0,0.0337,0
17311,0,0.0022,0
17314,0,0.0023,0
17315,0,0.0089,0
17316,0,0.4535,0
17318,1,0.9831,1
17319,1,0.9869,1
17320,0,0.0022,0
17321,0,0.0064,0
17322,0,0.0019,0
17323,0,0.0021,0
17324,0,0.0021,0
17325,0,0.0352,0
17326,1,0.5296,0
17327,1,0.9881,1
17328,1,0.9836,1
17329,1,0.9031,1
17332,1,0.968,1
17334,0,0.3665,0
17335,0,0.0226,0
17338,0,0.0078,0
17339,0,0.0272,0
17340,0,0.0023,0
17341,0,0.0091,0
17342,0,0.0024,0
17343,0,0.0023,0
17344,1,0.9739,1
17345,0,0.002,0
17346,0,0.0094,0
17348,1,0.7577,0
17349,0,0.009,0
17350,0,0.0066,0
17351,1,0.6147,1
17352,1,0.9862,1
17354,0,0.0426,0
17355,0,0.0104,0
17356,1,0.9704,1
17358,0,0.0039,0
17359,1,0.9823,1
17360,0,0.0063,0
17361,1,0.6487,1
17362,0,0.0025,0
17363,0,0.063,0
17364,0,0.0024,0
17365,0,0.002,0
17366,0,0.0435,0
17368,0,0.0028,0
17371,1,0.7177,1
17372,0,0.0023,0
17373,0,0.0457,0
17374,0,0.0169,0
17375,1,0.5879,0
17376,1,0.7003,0
17377,0,0.0025,0
17380,1,0.5044,0
17382,1,0.5838,0
17383,1,0.6247,0
17384,1,0.8862,1
17386,0,0.0155,0
17388,1,0.8039,0
17389,0,0.0095,0
17390,1,0.6683,0
17392,1,0.5149,0
17393,1,0.6808,0
17395,1,0.8561,1
17396,0,0.4043,0
17397,0,0.3801,0
17400,1,0.9761,1
17401,1,0.8206,1
17402,0,0.0032,0
17403,0,0.3691,0
17404,0,0.0876,0
17406,0,0.0021,0
17407,0,0.3687,0
17408,1,0.8056,1
17409,0,0.0027,0
17411,0,0.0058,0
17412,0,0.002,0
17413,0,0.4744,0
17414,0,0.0222,0
17416,0,0.0019,0
17417,1,0.9781,1
17418,0,0.0172,0
17419,0,0.0026,0
17420,0,0.0065,0
17421,0,0.0015,0
17422,0,0.008,0
17423,0,0.0188,0
17426,1,0.769,0
17428,0,0.0022,0
17429,0,0.0313,0
17430,0,0.0074,0
17432,0,0.0021,0
17433,0,0.0191,0
17435,0,0.4947,0
17436,1,0.7026,1
17437,0,0.3784,1
17438,0,0.4807,0
17439,1,0.9775,1
17441,1,0.9801,1
17442,0,0.0023,0
17448,1,0.9111,1
17449,0,0.0018,0
17450,0,0.0771,0
17454,1,0.812,1
17456,0,0.0079,0
17457,0,0.2884,0
17458,0,0.0176,0
17460,0,0.0025,0
17463,1,0.9379,1
17464,1,0.7664,1
17465,0,0.0017,0
17467,0,0.0257,0
17468,0,0.0246,0
17469,0,0.0019,0
17470,0,0.0091,0
17471,1,0.627,1
17472,1,0.9771,1
17473,0,0.081,0
17476,0,0.0216,0
17477,1,0.9295,1
17478,0,0.0411,0
17479,1,0.9047,1
17480,1,0.5039,0
17482,1,0.9018,1
17483,0,0.4869,0
17484,1,0.8493,1
17487,1,0.9788,1
17488,1,0.9177,1
17490,0,0.0413,0
17491,0,0.0065,0
17492,1,0.8094,1
17493,0,0.0159,0
17494,1,0.7425,1
17495,0,0.0204,0
17496,1,0.9717,1
17497,0,0.345,0
17499,1,0.854,1
17504,0,0.0018,0
17505,1,0.9751,1
17508,0,0.0018,0
17510,0,0.4916,0
17511,0,0.0023,0
17512,0,0.1054,0
17513,1,0.7149,1
17514,1,0.9659,1
17515,0,0.0091,0
17516,0,0.0138,0
17518,0,0.3309,0
17519,0,0.0021,0
17521,0,0.0852,0
17524,0,0.4702,0
17525,0,0.4858,0
17526,0,0.0025,0
17529,1,0.9769,1
17530,0,0.0025,0
17531,1,0.887,1
17532,0,0.0167,0
17533,1,0.6643,0
17534,1,0.553,0
17536,0,0.2919,0
17539,1,0.9572,1
17540,0,0.0049,0
17541,1,0.6219,1
17542,1,0.7479,1
17543,1,0.9735,1
17544,0,0.007,0
17545,0,0.0071,0
17547,0,0.002,0
17548,0,0.0083,0
17550,0,0.0041,0
17552,0,0.0063,0
17555,0,0.0381,0
17556,0,0.0134,0
17558,0,0.0219,0
17559,1,0.5162,1
17560,0,0.126,0
17561,0,0.0023,0
17563,1,0.8866,1
17565,1,0.9764,1
17567,0,0.0052,0
17568,1,0.8851,1
17571,1,0.961,1
17572,0,0.0023,0
17575,1,0.9866,1
17576,0,0.0023,0
17577,1,0.8825,1
17578,1,0.9435,1
17579,1,0.9761,1
17580,0,0.0882,0
17581,0,0.0023,0
17582,1,0.6804,0
17583,1,0.9751,1
17584,0,0.3076,1
17585,1,0.8422,0
17586,1,0.9834,1
17587,1,0.9725,1
17588,0,0.0071,0
17589,0,0.0083,0
17591,0,0.0091,0
17592,1,0.9804,1
17593,0,0.0021,0
17594,1,0.5158,0
17596,0,0.002,0
17597,0,0.0052,0
17598,0,0.0153,0
17599,1,0.9229,1
17601,0,0.0257,0
17602,1,0.9411,1
17603,1,0.9843,1
17604,0,0.0054,0
17605,1,0.9823,1
17606,1,0.9857,1
17607,0,0.0186,0
17608,0,0.3792,0
17609,0,0.0091,0
17610,1,0.9213,1
17611,0,0.0021,0
17612,0,0.0022,0
17615,1,0.7326,0
17617,1,0.8876,1
17618,0,0.0023,0
17621,0,0.0679,0
17622,1,0.9607,1
17623,0,0.0024,0
17624,0,0.0443,0
17625,0,0.1705,0
17626,1,0.9806,1
17627,1,0.8785,1
17629,0,0.0724,0
17631,0,0.0019,0
17633,0,0.0606,0
17635,0,0.0054,0
17639,0,0.0097,0
17640,0,0.0069,0
17642,0,0.0038,0
17643,0,0.0069,0
17644,0,0.0041,0
17646,0,0.0022,0
17647,1,0.6739,1
17648,0,0.0179,0
17649,1,0.7831,1
17651,1,0.9306,1
17655,0,0.0076,0
17657,0,0.4616,0
17659,0,0.0069,0
17660,1,0.976,1
17662,1,0.7915,1
17663,0,0.0085,0
17664,1,0.7587,1
17665,1,0.5201,1
17666,1,0.8127,1
17667,0,0.005,0
17669,1,0.9791,1
17671,0,0.0081,0
17672,0,0.0058,0
17673,0,0.0071,0
17674,0,0.0187,0
17675,0,0.0022,0
17676,0,0.0063,0
17677,0,0.0023,0
17678,1,0.9682,1
17679,1,0.7231,1
17680,1,0.5156,0
17681,1,0.9797,1
17682,0,0.0031,0
17683,0,0.0059,0
17685,0,0.002,0
17686,0,0.0213,0
17687,1,0.5485,0
17688,0,0.0237,0
17689,1,0.6595,0
17690,0,0.0023,0
17691,0,0.0046,0
17692,0,0.0081,0
17694,1,0.7757,1
17695,0,0.0433,0
17696,0,0.0026,0
17699,1,0.7646,1
17700,0,0.0019,0
17702,0,0.0052,0
17703,0,0.4157,0
17705,1,0.8518,1
17706,0,0.0022,0
17707,0,0.0159,0
17708,0,0.0795,0
17709,1,0.9264,1
17710,1,0.5266,0
17713,0,0.005,0
17714,0,0.0073,0
17716,0,0.0018,0
17717,0,0.437,0
17718,1,0.9795,1
17720,0,0.0068,0
17721,1,0.9733,1
17722,0,0.0131,0
17726,0,0.0022,0
17728,0,0.0078,0
17729,1,0.8844,1
17730,0,0.0082,0
17731,1,0.9144,1
17732,0,0.0095,0
17734,1,0.9243,1
17735,0,0.0079,0
17738,0,0.006,0
17739,0,0.0027,0
17740,1,0.8434,1
17741,0,0.3387,0
17742,0,0.0023,0
17744,0,0.0205,0
17745,1,0.7524,1
17746,1,0.8866,1
17748,1,0.5861,1
17749,1,0.9835,1
17751,0,0.3218,0
17753,1,0.6849,1
17754,1,0.6582,1
17756,0,0.0061,0
17757,0,0.0024,0
17758,0,0.0069,0
17759,0,0.0467,0
17760,0,0.0034,0
17762,1,0.5942,1
17763,1,0.8434,1
17764,0,0.0072,0
17765,0,0.4531,0
17766,1,0.597,0
17767,0,0.2844,0
17768,0,0.0016,0
17769,0,0.0022,0
17771,0,0.4837,0
17772,0,0.0117,0
17773,1,0.7134,1
17774,0,0.0047,0
17776,0,0.0245,0
17778,1,0.9886,1
17780,1,0.7819,1
17782,0,0.0727,0
17783,1,0.6341,1
17784,1,0.9867,1
17785,1,0.6586,0
17787,0,0.0259,0
17789,1,0.9737,1
17790,0,0.0094,0
17792,0,0.4154,1
17794,1,0.8137,1
17796,0,0.0076,0
17797,0,0.002,0
17798,1,0.9632,1
17799,0,0.0023,0
17801,0,0.434,0
17802,0,0.0018,0
17803,0,0.0152,0
17804,0,0.0018,0
17807,0,0.0063,0
17808,1,0.8764,1
17809,0,0.0122,0
17810,1,0.6612,1
17811,0,0.0085,0
17812,0,0.0067,0
17814,0,0.0154,0
17815,0,0.0144,0
17816,0,0.0127,0
17817,0,0.0077,0
17818,1,0.965,1
17819,0,0.0021,0
17820,0,0.0132,0
17822,0,0.0086,0
17823,0,0.0583,0
17825,1,0.8814,1
17826,0,0.0122,0
17827,1,0.8808,1
17829,0,0.0115,0
17833,1,0.9088,1
17834,0,0.0533,0
17838,0,0.005,0
17840,0,0.3909,0
17841,0,0.0022,0
17842,1,0.977,1
17843,0,0.4307,0
17845,1,0.9332,1
17847,1,0.8254,1
17848,0,0.0047,0
17849,1,0.8337,1
17850,0,0.0025,0
17851,0,0.0024,0
17852,0,0.0022,0
17853,0,0.0019,0
17854,1,0.8134,1
17855,0,0.0223,0
17858,0,0.0023,0
17860,0,0.0021,0
17861,0,0.002,0
17862,0,0.0067,0
17863,0,0.0021,0
17864,1,0.6214,0
17865,0,0.0021,0
17866,1,0.6078,1
17867,0,0.0547,0
17868,0,0.0177,0
17869,0,0.0862,0
17871,0,0.0022,0
17872,0,0.011,0
17873,0,0.0023,0
17875,1,0.9841,1
17878,0,0.0491,0
17880,1,0.907,1
17882,1,0.6223,0
17883,1,0.876,1
17884,0,0.0022,0
17886,1,0.7227,0
17888,0,0.0039,0
17889,0,0.0064,0
17894,0,0.0092,0
17897,0,0.0084,0
17898,0,0.4921,0
17901,1,0.8596,1
17902,1,0.9835,1
17903,0,0.0438,0
17905,0,0.0024,0
17907,1,0.9839,1
17908,0,0.0019,0
17909,1,0.9843,1
17910,1,0.98,1
17912,0,0.0193,0
17913,0,0.0022,0
17915,1,0.9807,1
17916,1,0.7575,1
17918,1,0.8416,1
17919,0,0.3067,0
17920,0,0.0021,0
17921,0,0.0138,0
17922,1,0.9836,1
17926,1,0.8262,0
17927,1,0.9694,1
17928,1,0.9879,1
17930,0,0.0096,0
17931,0,0.0075,0
17933,1,0.9834,1
17934,1,0.5899,0
17935,0,0.0356,0
17938,0,0.3819,0
17944,0,0.4005,0
17945,1,0.6367,1
17950,0,0.0023,0
17951,0,0.4597,0
17952,0,0.0063,0
17953,1,0.6003,1
17954,0,0.002,0
17955,1,0.981,1
17958,1,0.9789,1
17960,1,0.9088,1
17961,0,0.0039,0
17962,1,0.8746,1
17963,1,0.7594,1
17964,0,0.0187,0
17965,0,0.0022,0
17966,1,0.9078,1
17967,1,0.5842,0
17968,0,0.0065,0
17969,1,0.9229,1
17971,1,0.9794,1
17974,0,0.008,0
17975,0,0.0116,0
17976,0,0.0239,0
17977,0,0.0193,0
17978,0,0.0022,0
17980,0,0.0181,0
17981,0,0.327,0
17982,1,0.9622,1
17983,0,0.0131,0
17984,0,0.002,0
17987,0,0.0054,0
17988,1,0.7317,1
17989,0,0.0181,0
17990,0,0.0024,0
17991,1,0.9823,1
17992,0,0.0209,0
17993,1,0.9731,1
17994,0,0.0059,0
17995,1,0.6407,0
17996,0,0.1081,0
17998,0,0.0021,0
17999,0,0.0825,0
18000,1,0.9875,1
18001,0,0.0799,0
18002,0,0.0141,0
18003,0,0.018,0
18006,0,0.0024,0
18007,0,0.0172,0
18008,0,0.2726,0
18009,1,0.9633,1
18011,0,0.3631,0
18012,1,0.987,1
18016,0,0.0259,0
18018,1,0.7516,0
18020,1,0.9843,1
18021,1,0.5352,1
18022,0,0.0058,0
18025,0,0.007,0
18026,1,0.861,1
18028,1,0.9796,1
18029,1,0.9828,1
18031,0,0.0164,0
18034,0,0.016,0
18036,0,0.0022,0
18037,0,0.0429,0
18038,1,0.9818,1
18039,0,0.004,0
18041,0,0.0022,0
18042,1,0.7765,1
18043,0,0.0225,0
18044,0,0.007,0
18046,1,0.9843,1
18047,1,0.6145,0
18048,1,0.5908,1
18049,0,0.3599,0
18050,0,0.0199,0
18051,1,0.9395,1
18053,0,0.4682,1
18054,0,0.0205,0
18055,0,0.0106,0
18056,1,0.9813,1
18057,0,0.0018,0
18058,1,0.7417,1
18060,0,0.0381,0
18061,0,0.0024,0
18062,0,0.0066,0
18063,0,0.0183,0
18064,0,0.4787,0
18065,0,0.0021,0
18066,0,0.069,0
18069,0,0.011,0
18070,1,0.9781,1
18071,0,0.0018,0
18074,0,0.0077,0
18075,0,0.0087,0
18076,0,0.023,0
18077,0,0.0019,0
18078,1,0.5148,0
18079,1,0.5456,1
18083,0,0.0208,0
18084,0,0.0425,0
18085,0,0.0065,0
18087,0,0.0024,0
18089,0,0.4894,0
18090,0,0.4951,0
18091,1,0.9793,1
18094,0,0.4454,0
18095,0,0.379,0
18096,1,0.8481,0
18097,1,0.7763,1
18098,0,0.0375,0
18100,1,0.8656,1
18101,0,0.0021,0
18102,1,0.7415,1
18103,1,0.9866,1
18106,1,0.9371,1
18107,0,0.4153,0
18108,1,0.907,1
18109,0,0.009,0
18110,0,0.473,0
18111,1,0.8855,1
18112,1,0.5635,0
18115,1,0.9894,1
18116,0,0.0095,0
18118,0,0.007,0
18119,0,0.0116,0
18123,1,0.6711,1
18124,1,0.681,1
18127,0,0.4312,0
18128,1,0.6896,1
18132,1,0.6007,1
18134,1,0.9194,1
18135,0,0.4753,0
18136,0,0.0593,0
18137,1,0.7657,1
18140,1,0.6633,1
18141,0,0.0477,0
18144,0,0.0166,0
18145,0,0.0018,0
18148,1,0.98,1
18149,0,0.0052,0
18151,0,0.0064,0
18152,1,0.9877,1
18153,1,0.9825,1
18154,0,0.1108,0
18156,0,0.026,0
18157,1,0.984,1
18160,0,0.0282,0
18161,0,0.0202,0
18162,1,0.9027,1
18163,1,0.8652,1
18166,1,0.9751,1
18168,0,0.0024,0
18170,0,0.0024,0
18171,1,0.7954,1
18172,0,0.0025,0
18173,1,0.9766,1
18175,1,0.9806,1
18177,1,0.7522,1
18178,0,0.006,0
18179,1,0.9788,1
18181,0,0.0022,0
18182,1,0.6024,1
18186,1,0.9761,1
18187,1,0.9299,1
18188,0,0.0039,0
18189,1,0.9673,1
18190,1,0.9189,1
18191,1,0.6307,1
18193,0,0.0053,0
18194,1,0.9849,1
18195,0,0.0151,0
18196,1,0.7284,1
18197,1,0.9733,1
18199,1,0.9812,1
18201,1,0.91,1
18203,0,0.0556,0
18206,1,0.8429,1
18207,1,0.5952,1
18208,1,0.9723,1
18210,0,0.0155,0
18212,1,0.9772,1
18214,1,0.8373,1
18215,1,0.7932,0
18217,1,0.6328,1
18218,1,0.7424,1
18219,0,0.0024,0
18220,1,0.8228,1
18221,0,0.0291,0
18223,0,0.0024,0
18225,0,0.0024,0
18226,0,0.0063,0
18229,0,0.1323,0
18230,0,0.006,0
18231,0,0.0025,0
18234,1,0.9768,1
18236,0,0.006,0
18238,1,0.5394,1
18239,0,0.0098,0
18241,0,0.0038,0
18242,0,0.1336,0
18243,1,0.6233,0
18244,0,0.4697,0
18245,0,0.0062,0
18247,0,0.0575,0
18252,1,0.8724,1
18253,1,0.9885,1
18254,1,0.9827,1
18255,1,0.6055,1
18256,0,0.0167,0
18257,1,0.5623,0
18258,1,0.9109,1
18259,0,0.0028,0
18260,0,0.0021,0
18262,0,0.0411,0
18264,1,0.652,1
18266,0,0.4327,0
18267,1,0.9807,1
18268,1,0.9762,1
18269,0,0.013,0
18270,0,0.3869,0
18271,1,0.7686,1
18272,1,0.9788,1
18275,1,0.7727,1
18276,0,0.0017,0
18277,0,0.0097,0
18278,1,0.5182,0
18279,1,0.6083,1
18280,0,0.0202,0
18281,1,0.9838,1
18283,0,0.0039,0
18284,1,0.5352,0
18285,1,0.9798,1
18286,1,0.648,1
18287,0,0.0053,0
